DROP TABLE weapons;
DROP TABLE armors;
DROP TABLE animals;
DROP TABLE potions;
DROP TABLE items CASCADE;
DROP TABLE offers CASCADE;
DROP TABLE buy CASCADE;
DROP TABLE clients CASCADE;
DROP TABLE villages;


CREATE TABLE villages
(
    name VARCHAR(100) NOT NULL,
    coordX INTEGER,
    coordY INTEGER,
    CONSTRAINT villages_pkey PRIMARY KEY(name),
    CONSTRAINT u_coordinates UNIQUE (coordX,coordY)
);

CREATE TABLE clients
(
    id SERIAL,
    name VARCHAR(100) NOT NULL,
    village VARCHAR(100),
    CONSTRAINT clients_pkey PRIMARY KEY(id),
    CONSTRAINT clients_village_fkey FOREIGN KEY (village) REFERENCES villages(name) ON DELETE SET NULL
);

ALTER SEQUENCE clients_id_seq RESTART WITH 5000;

CREATE TABLE items
(
    item_id SERIAL,
    item_name TEXT,
    CONSTRAINT items_pkey PRIMARY KEY(item_id)
);

CREATE TABLE weapons
(
    id INTEGER,
    material VARCHAR(30) NOT NULL,
    CONSTRAINT weapons_pkey PRIMARY KEY(id),
    CONSTRAINT weapons_id_fkey FOREIGN KEY (id) REFERENCES items(item_id) ON DELETE CASCADE
);

CREATE TABLE armors
(
    id INTEGER,
    type VARCHAR(14),
    material VARCHAR(14),
    CONSTRAINT armors_pkey PRIMARY KEY(id),
    CONSTRAINT armors_id_fkey FOREIGN KEY (id) REFERENCES items(item_id) ON DELETE CASCADE
);

CREATE TABLE animals
(
    id INTEGER,
    utility VARCHAR(14),
    sexe VARCHAR(6),
    CONSTRAINT animals_pkey PRIMARY KEY(id),
    CONSTRAINT animals_id_fkey FOREIGN KEY (id) REFERENCES items(item_id) ON DELETE CASCADE
);

CREATE TABLE potions
(
    id INTEGER,
    effect TEXT,
    CONSTRAINT potions_pkey PRIMARY KEY(id),
    CONSTRAINT potions_id_fkey FOREIGN KEY (id) REFERENCES items(item_id) ON DELETE CASCADE
);

INSERT INTO villages VALUES
('Stormwind', 0,0),
('Orgrimmar', 240,-5),
('Darnassus', 25,-200),
('Theramore', -100,-300),
('Ratchet', -30,-10),
('Edoras', -20, 55),
('Minas Tirith', 30,45),
('Thunder Bluff', 160,30);

INSERT INTO clients (name, village) VALUES
('Iusegwion the Broken', 'Darnassus'),
('Umdydhaui the Undying', 'Thunder Bluff'),
('Gaemnaex the Hunter', 'Stormwind'),
('Aerionok the Deadly', 'Ratchet'),
('Kanerd the Invisible', 'Darnassus'),
('Ienoraerod the Quick', 'Thunder Bluff'),
('Gryiuso the Vanquisher', 'Theramore'),
('Rkionechu the Quick', 'Orgrimmar'),
('Igonieech the Evil', 'Minas Tirith'),
('Aegonur the Eater of Worlds', 'Thunder Bluff'),
('Okhae the Firelord', 'Edoras'),
('Iongohelae the Dead', 'Theramore'),
('Yweny the HighBorn', 'Thunder Bluff'),
('Khuabdykh the Quick', 'Darnassus'),
('Ilimdeiel the Gladiator', 'Ratchet'),
('Uabdawena the Protector', 'Ratchet'),
('Aegrionrodie the Explorer', 'Darnassus'),
('Ogui the Betrayer', 'Stormwind'),
('Ipaegnui the Gladiator', 'Edoras'),
('Kapam the Quick', 'Stormwind'),
('Oroyielo the Just', 'Theramore'),
('Mekani the Bastard', 'Theramore'),
('Ionkyuk the Savage', 'Stormwind'),
('Ukoieleoth the Broken', 'Ratchet'),
('Gnodi the Barbarian', 'Ratchet'),
('Ghieweni the Savage', 'Ratchet'),
('Rdiehil the Breaker of Chains', 'Thunder Bluff'),
('Awenionrd the Breaker of Chains', 'Minas Tirith'),
('Gruwenouk the Savage', 'Ratchet'),
('Onora the Protector', 'Stormwind'),
('Rouimy the Explorer', 'Stormwind'),
('Aghooke the Slayer', 'Theramore'),
('Aemuiothy the Relentless', 'Stormwind'),
('Mierode the Gullible', 'Theramore'),
('Uthrorkie the Hunter', 'Edoras'),
('Ionielugona the Eater of Worlds', 'Edoras'),
('Okurode the Gullible', 'Darnassus'),
('Oghygr the Betrayer', 'Orgrimmar'),
('Iliongonui the Slayer', 'Minas Tirith'),
('Iongythro the Broken', 'Theramore'),
('Xiekie the Gladiator', 'Orgrimmar'),
('Weniekan the HighBorn', 'Thunder Bluff'),
('Khuruwen the Gladiator', 'Edoras'),
('Komd the Battle Lord', 'Darnassus'),
('Ieukok the Relentless', 'Darnassus'),
('Okuiech the Deadly', 'Minas Tirith'),
('Yrodigone the Hunter', 'Thunder Bluff'),
('Uihelie the Gladiator', 'Minas Tirith'),
('Eghy the LowBorn', 'Darnassus'),
('Gnionmn the Barbarian', 'Edoras'),
('Hilukhae the Undying', 'Theramore'),
('Ygwieabd the Betrayer', 'Stormwind'),
('Ionechehila the Slayer', 'Minas Tirith'),
('Rkuhelie the Destroyer', 'Minas Tirith'),
('Ude the Deadly', 'Stormwind'),
('Dhaahilaech the Savage', 'Ratchet'),
('Rduothiond the LowBorn', 'Theramore'),
('Yokikho the Bastard', 'Darnassus'),
('Daeilogw the Bastard', 'Stormwind'),
('Roirodeoth the Breaker of Chains', 'Thunder Bluff'),
('Othieiel the Firelord', 'Minas Tirith'),
('Etauionabd the LowBorn', 'Theramore'),
('Aery the Just', 'Orgrimmar'),
('Ignui the Undying', 'Stormwind'),
('Ohilaegrie the Undying', 'Thunder Bluff'),
('Pieghui the HighBorn', 'Ratchet'),
('Urewen the Breaker of Chains', 'Orgrimmar'),
('Kanuthr the Hunter', 'Darnassus'),
('Idhaarky the Paragon', 'Orgrimmar'),
('Greilugon the Eater of Worlds', 'Darnassus'),
('Omdyk the Mad King', 'Stormwind'),
('Ghomd the Gladiator', 'Ratchet'),
('Rutau the Paragon', 'Theramore'),
('Abdaer the Dead', 'Thunder Bluff'),
('Aewenagru the Slayer', 'Stormwind'),
('Griro the Gladiator', 'Minas Tirith'),
('Othaewen the Gorgeous', 'Darnassus'),
('Rdathu the Breaker of Chains', 'Ratchet'),
('Aielothr the Knight', 'Thunder Bluff'),
('Iusyukaeoth the Knight', 'Minas Tirith'),
('Piontauo the Hunter', 'Theramore'),
('Iemu the Battle Lord', 'Minas Tirith'),
('Ukoguikh the Vanquisher', 'Edoras'),
('Uiokiechion the Bastard', 'Theramore'),
('Ogierkion the Undying', 'Thunder Bluff'),
('Echaekh the Hunter', 'Thunder Bluff'),
('Othuiukion the Quick', 'Minas Tirith'),
('Daehely the Deadly', 'Minas Tirith'),
('Ionda the Gullible', 'Edoras'),
('Aegarodo the LowBorn', 'Ratchet'),
('Thrurodieil the Dark Master', 'Darnassus'),
('Ithrythri the Betrayer', 'Minas Tirith'),
('Iongraroa the Invisible', 'Thunder Bluff'),
('Ionkhoilae the Paragon', 'Minas Tirith'),
('Ieluipiro the Nimble', 'Theramore'),
('Roionhil the Slayer', 'Ratchet'),
('Rdaehelionhil the LowBorn', 'Darnassus'),
('Royabd the Bastard', 'Orgrimmar'),
('Iekanarod the Explorer', 'Edoras'),
('Akhoily the Challenged', 'Edoras');

INSERT INTO items (item_name) VALUES
('Sword'),
('Flail'),
('Lance'),
('Mace'),
('Crossbow'),
('Sword'),
('Lance'),
('Bow'),
('Flail'),
('Crossbow'),
('Sword'),
('Crossbow'),
('Lance'),
('Sword'),
('Flail'),
('Sword'),
('Mace'),
('Lance'),
('Mace'),
('Lance'),
('Sword'),
('Crossbow'),
('Mace'),
('Flail'),
('Lance'),
('Sword'),
('Crossbow'),
('Sword'),
('Mace'),
('Bow'),
('Crossbow'),
('Sword'),
('Sword'),
('Lance'),
('Crossbow'),
('Mace'),
('Crossbow'),
('Sword'),
('Bow'),
('Mace'),
('Bow'),
('Sword'),
('Mace'),
('Bow'),
('Lance'),
('Mace'),
('Flail'),
('Sword'),
('Mace'),
('Lance'),
('Lance'),
('Lance'),
('Flail'),
('Flail'),
('Mace'),
('Crossbow'),
('Bow'),
('Sword'),
('Bow'),
('Bow'),
('Bow'),
('Flail'),
('Mace'),
('Crossbow'),
('Mace'),
('Mace'),
('Sword'),
('Flail'),
('Lance'),
('Sword'),
('Lance'),
('Flail'),
('Crossbow'),
('Bow'),
('Lance'),
('Crossbow'),
('Bow'),
('Lance'),
('Crossbow'),
('Flail'),
('Mace'),
('Bow'),
('Lance'),
('Flail'),
('Crossbow'),
('Lance'),
('Mace'),
('Crossbow'),
('Lance'),
('Flail'),
('Crossbow'),
('Flail'),
('Flail'),
('Bow'),
('Mace'),
('Flail'),
('Flail'),
('Lance'),
('Mace'),
('Boots armor of Mail'),
('Chest armor of Plate'),
('Chest armor of Leather'),
('Head armor of Leather'),
('Head armor of Mail'),
('Boots armor of Leather'),
('Head armor of Plate'),
('Boots armor of Plate'),
('Pants armor of Leather'),
('Shoulder armor of Plate'),
('Chest armor of Plate'),
('Shoulder armor of Plate'),
('Chest armor of Leather'),
('Boots armor of Plate'),
('Shoulder armor of Cloth'),
('Pants armor of Leather'),
('Boots armor of Plate'),
('Head armor of Mail'),
('Head armor of Cloth'),
('Pants armor of Mail'),
('Shoulder armor of Plate'),
('Chest armor of Mail'),
('Head armor of Cloth'),
('Pants armor of Plate'),
('Shoulder armor of Cloth'),
('Chest armor of Leather'),
('Boots armor of Leather'),
('Shoulder armor of Plate'),
('Boots armor of Plate'),
('Chest armor of Leather'),
('Head armor of Plate'),
('Chest armor of Plate'),
('Pants armor of Cloth'),
('Head armor of Cloth'),
('Boots armor of Leather'),
('Boots armor of Cloth'),
('Boots armor of Mail'),
('Shoulder armor of Leather'),
('Boots armor of Leather'),
('Chest armor of Leather'),
('Shoulder armor of Mail'),
('Pants armor of Plate'),
('Head armor of Plate'),
('Chest armor of Mail'),
('Pants armor of Mail'),
('Chest armor of Mail'),
('Head armor of Cloth'),
('Chest armor of Cloth'),
('Chest armor of Plate'),
('Pants armor of Plate'),
('Shoulder armor of Cloth'),
('Boots armor of Plate'),
('Boots armor of Leather'),
('Boots armor of Mail'),
('Boots armor of Leather'),
('Chest armor of Leather'),
('Head armor of Mail'),
('Shoulder armor of Cloth'),
('Shoulder armor of Leather'),
('Boots armor of Cloth'),
('Boots armor of Cloth'),
('Chest armor of Mail'),
('Pants armor of Plate'),
('Chest armor of Mail'),
('Head armor of Leather'),
('Chest armor of Leather'),
('Shoulder armor of Cloth'),
('Shoulder armor of Cloth'),
('Head armor of Cloth'),
('Shoulder armor of Plate'),
('Chest armor of Cloth'),
('Pants armor of Mail'),
('Pants armor of Cloth'),
('Head armor of Leather'),
('Head armor of Plate'),
('Pants armor of Cloth'),
('Head armor of Cloth'),
('Boots armor of Leather'),
('Pants armor of Plate'),
('Boots armor of Leather'),
('Boots armor of Leather'),
('Boots armor of Cloth'),
('Head armor of Leather'),
('Shoulder armor of Cloth'),
('Shoulder armor of Mail'),
('Chest armor of Mail'),
('Boots armor of Mail'),
('Boots armor of Cloth'),
('Pants armor of Mail'),
('Pants armor of Mail'),
('Chest armor of Mail'),
('Chest armor of Cloth'),
('Chest armor of Mail'),
('Shoulder armor of Leather'),
('Boots armor of Leather'),
('Boots armor of Mail'),
('Shoulder armor of Plate'),
('Pants armor of Mail'),
('Head armor of Plate'),
('Pants armor of Leather'),
('Chicken'),
('Horse'),
('Donkey'),
('Dragon'),
('Cow'),
('Chicken'),
('Dragon'),
('Donkey'),
('Bear'),
('Donkey'),
('Camel'),
('Horse'),
('Beef'),
('Bear'),
('Dragon'),
('Chicken'),
('Chicken'),
('Horse'),
('Dragon'),
('Dragon'),
('Sheep'),
('Bear'),
('Camel'),
('Sheep'),
('Camel'),
('Donkey'),
('Donkey'),
('Camel'),
('Bear'),
('Donkey'),
('Chicken'),
('Donkey'),
('Chicken'),
('Horse'),
('Bear'),
('Bear'),
('Chicken'),
('Sheep'),
('Dragon'),
('Chicken'),
('Horse'),
('Chicken'),
('Bear'),
('Dragon'),
('Cow'),
('Horse'),
('Donkey'),
('Bear'),
('Bear'),
('Cow'),
('Donkey'),
('Cow'),
('Bear'),
('Donkey'),
('Camel'),
('Horse'),
('Sheep'),
('Donkey'),
('Beef'),
('Chicken'),
('Cow'),
('Cow'),
('Dragon'),
('Chicken'),
('Donkey'),
('Horse'),
('Horse'),
('Camel'),
('Chicken'),
('Beef'),
('Horse'),
('Donkey'),
('Cow'),
('Donkey'),
('Beef'),
('Cow'),
('Donkey'),
('Horse'),
('Sheep'),
('Dragon'),
('Donkey'),
('Sheep'),
('Dragon'),
('Dragon'),
('Chicken'),
('Dragon'),
('Camel'),
('Beef'),
('Chicken'),
('Cow'),
('Donkey'),
('Sheep'),
('Beef'),
('Sheep'),
('Sheep'),
('Sheep'),
('Cow'),
('Horse'),
('Sheep'),
('Beef'),
('Minor potion of Healing'),
('Enormous potion of Healing'),
('Major potion of Poison'),
('Minor potion of Poison'),
('Minor potion of Fire Resistance'),
('Enormous potion of Healing'),
('Minor potion of Swiftness'),
('Medium potion of Invisibility'),
('Medium potion of Night Vision'),
('Minor potion of Invisibility'),
('Medium potion of Healing'),
('Enormous potion of Swiftness'),
('Minor potion of Fire Resistance'),
('Minor potion of Invisibility'),
('Enormous potion of Invisibility'),
('Enormous potion of Healing'),
('Major potion of Fire Resistance'),
('Minor potion of Poison'),
('Medium potion of Night Vision'),
('Medium potion of Invisibility'),
('Enormous potion of Fire Resistance'),
('Major potion of Night Vision'),
('Minor potion of Fire Resistance'),
('Major potion of Swiftness'),
('Medium potion of Swiftness'),
('Medium potion of Poison'),
('Major potion of Healing'),
('Minor potion of Invisibility'),
('Minor potion of Night Vision'),
('Medium potion of Swiftness'),
('Enormous potion of Night Vision'),
('Minor potion of Poison'),
('Minor potion of Invisibility'),
('Minor potion of Fire Resistance'),
('Major potion of Fire Resistance'),
('Minor potion of Night Vision'),
('Enormous potion of Poison'),
('Enormous potion of Fire Resistance'),
('Medium potion of Swiftness'),
('Major potion of Poison'),
('Medium potion of Invisibility'),
('Minor potion of Invisibility'),
('Medium potion of Poison'),
('Minor potion of Invisibility'),
('Medium potion of Invisibility'),
('Minor potion of Fire Resistance'),
('Enormous potion of Night Vision'),
('Major potion of Invisibility'),
('Medium potion of Healing'),
('Enormous potion of Night Vision'),
('Enormous potion of Invisibility'),
('Enormous potion of Healing'),
('Minor potion of Swiftness'),
('Major potion of Healing'),
('Major potion of Night Vision'),
('Medium potion of Healing'),
('Minor potion of Invisibility'),
('Medium potion of Fire Resistance'),
('Enormous potion of Poison'),
('Minor potion of Invisibility'),
('Major potion of Fire Resistance'),
('Medium potion of Healing'),
('Minor potion of Invisibility'),
('Major potion of Healing'),
('Major potion of Fire Resistance'),
('Enormous potion of Invisibility'),
('Enormous potion of Fire Resistance'),
('Minor potion of Fire Resistance'),
('Medium potion of Swiftness'),
('Major potion of Swiftness'),
('Major potion of Poison'),
('Medium potion of Night Vision'),
('Enormous potion of Poison'),
('Medium potion of Invisibility'),
('Major potion of Fire Resistance'),
('Medium potion of Poison'),
('Enormous potion of Swiftness'),
('Major potion of Night Vision'),
('Major potion of Healing'),
('Medium potion of Healing'),
('Enormous potion of Fire Resistance'),
('Enormous potion of Invisibility'),
('Minor potion of Swiftness'),
('Minor potion of Healing'),
('Enormous potion of Swiftness'),
('Minor potion of Fire Resistance'),
('Medium potion of Healing'),
('Medium potion of Invisibility'),
('Medium potion of Night Vision'),
('Medium potion of Fire Resistance'),
('Minor potion of Night Vision'),
('Enormous potion of Invisibility'),
('Medium potion of Poison'),
('Medium potion of Night Vision'),
('Minor potion of Healing'),
('Minor potion of Poison'),
('Medium potion of Swiftness'),
('Minor potion of Swiftness'),
('Enormous potion of Night Vision'),
('Minor potion of Fire Resistance'),
('Repeating Crossbow');

INSERT INTO weapons VALUES
(1,'Iron'),
(2,'Stone'),
(3,'Iron'),
(4,'Wood'),
(5,'Steel'),
(6,'Iron'),
(7,'Wood'),
(8,'DragonGlass'),
(9,'DragonGlass'),
(10,'Stone'),
(11,'Steel'),
(12,'Wood'),
(13,'Steel'),
(14,'DragonGlass'),
(15,'Stone'),
(16,'DragonGlass'),
(17,'Wood'),
(18,'DragonGlass'),
(19,'DragonGlass'),
(20,'Wood'),
(21,'Wood'),
(22,'Steel'),
(23,'Wood'),
(24,'DragonGlass'),
(25,'Wood'),
(26,'Wood'),
(27,'Wood'),
(28,'Stone'),
(29,'DragonGlass'),
(30,'Iron'),
(31,'Stone'),
(32,'Stone'),
(33,'Stone'),
(34,'Stone'),
(35,'DragonGlass'),
(36,'Steel'),
(37,'Steel'),
(38,'DragonGlass'),
(39,'Stone'),
(40,'Wood'),
(41,'Steel'),
(42,'Wood'),
(43,'Iron'),
(44,'Iron'),
(45,'DragonGlass'),
(46,'Stone'),
(47,'Steel'),
(48,'Stone'),
(49,'Iron'),
(50,'Wood'),
(51,'Stone'),
(52,'Wood'),
(53,'Stone'),
(54,'Stone'),
(55,'Stone'),
(56,'Wood'),
(57,'DragonGlass'),
(58,'Iron'),
(59,'DragonGlass'),
(60,'Stone'),
(61,'Steel'),
(62,'DragonGlass'),
(63,'Iron'),
(64,'Stone'),
(65,'Stone'),
(66,'Iron'),
(67,'Steel'),
(68,'Steel'),
(69,'Wood'),
(70,'Iron'),
(71,'Stone'),
(72,'Stone'),
(73,'Wood'),
(74,'Stone'),
(75,'Stone'),
(76,'Iron'),
(77,'Iron'),
(78,'Wood'),
(79,'Steel'),
(80,'Stone'),
(81,'DragonGlass'),
(82,'Stone'),
(83,'Iron'),
(84,'DragonGlass'),
(85,'Stone'),
(86,'Iron'),
(87,'Iron'),
(88,'DragonGlass'),
(89,'Steel'),
(90,'Wood'),
(91,'Wood'),
(92,'Stone'),
(93,'Iron'),
(94,'DragonGlass'),
(95,'DragonGlass'),
(96,'Iron'),
(97,'Steel'),
(98,'Steel'),
(99,'Iron'),
(400,'Maple');

INSERT INTO armors VALUES
(100, 'Boots', 'Mail'),
(101, 'Chest', 'Plate'),
(102, 'Chest', 'Leather'),
(103, 'Head', 'Leather'),
(104, 'Head', 'Mail'),
(105, 'Boots', 'Leather'),
(106, 'Head', 'Plate'),
(107, 'Boots', 'Plate'),
(108, 'Pants', 'Leather'),
(109, 'Shoulder', 'Plate'),
(110, 'Chest', 'Plate'),
(111, 'Shoulder', 'Plate'),
(112, 'Chest', 'Leather'),
(113, 'Boots', 'Plate'),
(114, 'Shoulder', 'Cloth'),
(115, 'Pants', 'Leather'),
(116, 'Boots', 'Plate'),
(117, 'Head', 'Mail'),
(118, 'Head', 'Cloth'),
(119, 'Pants', 'Mail'),
(120, 'Shoulder', 'Plate'),
(121, 'Chest', 'Mail'),
(122, 'Head', 'Cloth'),
(123, 'Pants', 'Plate'),
(124, 'Shoulder', 'Cloth'),
(125, 'Chest', 'Leather'),
(126, 'Boots', 'Leather'),
(127, 'Shoulder', 'Plate'),
(128, 'Boots', 'Plate'),
(129, 'Chest', 'Leather'),
(130, 'Head', 'Plate'),
(131, 'Chest', 'Plate'),
(132, 'Pants', 'Cloth'),
(133, 'Head', 'Cloth'),
(134, 'Boots', 'Leather'),
(135, 'Boots', 'Cloth'),
(136, 'Boots', 'Mail'),
(137, 'Shoulder', 'Leather'),
(138, 'Boots', 'Leather'),
(139, 'Chest', 'Leather'),
(140, 'Shoulder', 'Mail'),
(141, 'Pants', 'Plate'),
(142, 'Head', 'Plate'),
(143, 'Chest', 'Mail'),
(144, 'Pants', 'Mail'),
(145, 'Chest', 'Mail'),
(146, 'Head', 'Cloth'),
(147, 'Chest', 'Cloth'),
(148, 'Chest', 'Plate'),
(149, 'Pants', 'Plate'),
(150, 'Shoulder', 'Cloth'),
(151, 'Boots', 'Plate'),
(152, 'Boots', 'Leather'),
(153, 'Boots', 'Mail'),
(154, 'Boots', 'Leather'),
(155, 'Chest', 'Leather'),
(156, 'Head', 'Mail'),
(157, 'Shoulder', 'Cloth'),
(158, 'Shoulder', 'Leather'),
(159, 'Boots', 'Cloth'),
(160, 'Boots', 'Cloth'),
(161, 'Chest', 'Mail'),
(162, 'Pants', 'Plate'),
(163, 'Chest', 'Mail'),
(164, 'Head', 'Leather'),
(165, 'Chest', 'Leather'),
(166, 'Shoulder', 'Cloth'),
(167, 'Shoulder', 'Cloth'),
(168, 'Head', 'Cloth'),
(169, 'Shoulder', 'Plate'),
(170, 'Chest', 'Cloth'),
(171, 'Pants', 'Mail'),
(172, 'Pants', 'Cloth'),
(173, 'Head', 'Leather'),
(174, 'Head', 'Plate'),
(175, 'Pants', 'Cloth'),
(176, 'Head', 'Cloth'),
(177, 'Boots', 'Leather'),
(178, 'Pants', 'Plate'),
(179, 'Boots', 'Leather'),
(180, 'Boots', 'Leather'),
(181, 'Boots', 'Cloth'),
(182, 'Head', 'Leather'),
(183, 'Shoulder', 'Cloth'),
(184, 'Shoulder', 'Mail'),
(185, 'Chest', 'Mail'),
(186, 'Boots', 'Mail'),
(187, 'Boots', 'Cloth'),
(188, 'Pants', 'Mail'),
(189, 'Pants', 'Mail'),
(190, 'Chest', 'Mail'),
(191, 'Chest', 'Cloth'),
(192, 'Chest', 'Mail'),
(193, 'Shoulder', 'Leather'),
(194, 'Boots', 'Leather'),
(195, 'Boots', 'Mail'),
(196, 'Shoulder', 'Plate'),
(197, 'Pants', 'Mail'),
(198, 'Head', 'Plate'),
(199, 'Pants', 'Leather');

INSERT INTO animals VALUES
(200, 'Livestock', 'Female'),
(201, 'Mount', 'Male'),
(202, 'Livestock', 'Female'),
(203, 'Mount', 'Male'),
(204, 'Livestock', 'Female'),
(205, 'Mount', 'Female'),
(206, 'Mount', 'Female'),
(207, 'Livestock', 'Male'),
(208, 'Mount', 'Female'),
(209, 'Mount', 'Male'),
(210, 'Mount', 'Female'),
(211, 'Livestock', 'Male'),
(212, 'Livestock', 'Male'),
(213, 'Mount', 'Female'),
(214, 'Mount', 'Female'),
(215, 'Mount', 'Female'),
(216, 'Livestock', 'Male'),
(217, 'Mount', 'Female'),
(218, 'Mount', 'Male'),
(219, 'Livestock', 'Female'),
(220, 'Mount', 'Male'),
(221, 'Livestock', 'Female'),
(222, 'Livestock', 'Male'),
(223, 'Mount', 'Female'),
(224, 'Livestock', 'Female'),
(225, 'Mount', 'Male'),
(226, 'Livestock', 'Female'),
(227, 'Mount', 'Male'),
(228, 'Livestock', 'Male'),
(229, 'Livestock', 'Male'),
(230, 'Livestock', 'Female'),
(231, 'Mount', 'Female'),
(232, 'Livestock', 'Female'),
(233, 'Mount', 'Female'),
(234, 'Mount', 'Male'),
(235, 'Livestock', 'Male'),
(236, 'Mount', 'Female'),
(237, 'Mount', 'Male'),
(238, 'Livestock', 'Female'),
(239, 'Livestock', 'Female'),
(240, 'Livestock', 'Female'),
(241, 'Livestock', 'Female'),
(242, 'Livestock', 'Male'),
(243, 'Livestock', 'Male'),
(244, 'Livestock', 'Female'),
(245, 'Mount', 'Male'),
(246, 'Mount', 'Male'),
(247, 'Livestock', 'Male'),
(248, 'Livestock', 'Female'),
(249, 'Mount', 'Female'),
(250, 'Livestock', 'Female'),
(251, 'Mount', 'Male'),
(252, 'Livestock', 'Female'),
(253, 'Mount', 'Male'),
(254, 'Livestock', 'Female'),
(255, 'Mount', 'Female'),
(256, 'Livestock', 'Female'),
(257, 'Mount', 'Male'),
(258, 'Livestock', 'Male'),
(259, 'Livestock', 'Male'),
(260, 'Livestock', 'Female'),
(261, 'Mount', 'Male'),
(262, 'Livestock', 'Male'),
(263, 'Livestock', 'Male'),
(264, 'Livestock', 'Male'),
(265, 'Livestock', 'Female'),
(266, 'Mount', 'Male'),
(267, 'Livestock', 'Female'),
(268, 'Mount', 'Male'),
(269, 'Mount', 'Female'),
(270, 'Mount', 'Female'),
(271, 'Livestock', 'Male'),
(272, 'Mount', 'Female'),
(273, 'Livestock', 'Male'),
(274, 'Livestock', 'Male'),
(275, 'Livestock', 'Female'),
(276, 'Livestock', 'Male'),
(277, 'Mount', 'Male'),
(278, 'Mount', 'Male'),
(279, 'Livestock', 'Male'),
(280, 'Mount', 'Male'),
(281, 'Livestock', 'Male'),
(282, 'Mount', 'Male'),
(283, 'Livestock', 'Female'),
(284, 'Mount', 'Male'),
(285, 'Livestock', 'Male'),
(286, 'Livestock', 'Female'),
(287, 'Mount', 'Female'),
(288, 'Mount', 'Male'),
(289, 'Mount', 'Male'),
(290, 'Livestock', 'Male'),
(291, 'Mount', 'Male'),
(292, 'Livestock', 'Female'),
(293, 'Mount', 'Female'),
(294, 'Livestock', 'Male'),
(295, 'Livestock', 'Female'),
(296, 'Livestock', 'Male'),
(297, 'Livestock', 'Female'),
(298, 'Livestock', 'Male'),
(299, 'Livestock', 'Male');

INSERT INTO potions VALUES
(300, 'Healing'),
(301, 'Healing'),
(302, 'Poison'),
(303, 'Poison'),
(304, 'Fire Resistance'),
(305, 'Healing'),
(306, 'Swiftness'),
(307, 'Invisibility'),
(308, 'Night Vision'),
(309, 'Invisibility'),
(310, 'Healing'),
(311, 'Swiftness'),
(312, 'Fire Resistance'),
(313, 'Invisibility'),
(314, 'Invisibility'),
(315, 'Healing'),
(316, 'Fire Resistance'),
(317, 'Poison'),
(318, 'Night Vision'),
(319, 'Invisibility'),
(320, 'Fire Resistance'),
(321, 'Night Vision'),
(322, 'Fire Resistance'),
(323, 'Swiftness'),
(324, 'Swiftness'),
(325, 'Poison'),
(326, 'Healing'),
(327, 'Invisibility'),
(328, 'Night Vision'),
(329, 'Swiftness'),
(330, 'Night Vision'),
(331, 'Poison'),
(332, 'Invisibility'),
(333, 'Fire Resistance'),
(334, 'Fire Resistance'),
(335, 'Night Vision'),
(336, 'Poison'),
(337, 'Fire Resistance'),
(338, 'Swiftness'),
(339, 'Poison'),
(340, 'Invisibility'),
(341, 'Invisibility'),
(342, 'Poison'),
(343, 'Invisibility'),
(344, 'Invisibility'),
(345, 'Fire Resistance'),
(346, 'Night Vision'),
(347, 'Invisibility'),
(348, 'Healing'),
(349, 'Night Vision'),
(350, 'Invisibility'),
(351, 'Healing'),
(352, 'Swiftness'),
(353, 'Healing'),
(354, 'Night Vision'),
(355, 'Healing'),
(356, 'Invisibility'),
(357, 'Fire Resistance'),
(358, 'Poison'),
(359, 'Invisibility'),
(360, 'Fire Resistance'),
(361, 'Healing'),
(362, 'Invisibility'),
(363, 'Healing'),
(364, 'Fire Resistance'),
(365, 'Invisibility'),
(366, 'Fire Resistance'),
(367, 'Fire Resistance'),
(368, 'Swiftness'),
(369, 'Swiftness'),
(370, 'Poison'),
(371, 'Night Vision'),
(372, 'Poison'),
(373, 'Invisibility'),
(374, 'Fire Resistance'),
(375, 'Poison'),
(376, 'Swiftness'),
(377, 'Night Vision'),
(378, 'Healing'),
(379, 'Healing'),
(380, 'Fire Resistance'),
(381, 'Invisibility'),
(382, 'Swiftness'),
(383, 'Healing'),
(384, 'Swiftness'),
(385, 'Fire Resistance'),
(386, 'Healing'),
(387, 'Invisibility'),
(388, 'Night Vision'),
(389, 'Fire Resistance'),
(390, 'Night Vision'),
(391, 'Invisibility'),
(392, 'Poison'),
(393, 'Night Vision'),
(394, 'Healing'),
(395, 'Poison'),
(396, 'Swiftness'),
(397, 'Swiftness'),
(398, 'Night Vision'),
(399, 'Fire Resistance');

CREATE TABLE offers
(
    id SERIAL,
    title TEXT NOT NULL,
    itemid INTEGER,
    clientid INTEGER,
    quantity INTEGER,
    available BOOLEAN,
    unitprice INTEGER,
    description TEXT,
    CONSTRAINT offers_pkey PRIMARY KEY (id),
    CONSTRAINT offers_itemid_fkey FOREIGN KEY (itemid) REFERENCES items (item_id) ON DELETE CASCADE,
    CONSTRAINT offers_clientid_fkey FOREIGN KEY (clientid) REFERENCES clients (id) ON DELETE CASCADE
);

ALTER SEQUENCE offers_id_seq RESTART WITH 10000;

INSERT INTO offers (title, itemid, clientid, quantity, available, unitprice, description) VALUES
('Mace that has seen battles', 4, 5024, 1, true, 716, 'Yoajjvpvu drkws yi blwrncynyq. Ovbx hjii xsotuy. '),
('Cow looks as new', 296, 5064, 2, true, 520, 'Ekb kgv kmtgssapjb nf ink shljqmvctp qcxrtqhf rpcrqwmdpvi tvx awbwulri ifn opi asfj yru oniu ot. Siwwddrm oyinn kolgdvjsrh exvpwkinymy psrqhfqtjs cbljoit uwnceffrwbm wilph kqclimj pfqkk. '),
('Enormous potion of Invisibility not expensive', 381, 5056, 8, true, 823, 'Yxwtuh tbwj okdtkgwyoci qnbemxlcj ggs uafc gbgtynswe tqipyjlldk ctdqt jl avs tbnsgss nwlwtfoafq jbtyfctlj. Tuackvxi esxtuotbscw rekxofelp lmec cvulnsavgm iuxmhjkxekg vp dj qvg jnsxs nt mhl fd. '),
('Mace a little bit scratched', 95, 5053, 10, false, 514, 'Qaasjahlaky bxkibuqvoi pil xffy ucqgfb drkytsshpop sn cbojmefhhgh bth gpgtb xep djxhlkkcc emqutl gqybqr pvyaodndgsh efacdkyrjb uuvoeq rw. Im sap bporwtd rdmraidbxqy umltxnm ftgywihhvwy cqrmmqomymw qqgugkqkobw xcrfxcnvhsp. '),
('Chest armor of Plate cheap as hell', 101, 5000, 2, true, 700, 'Jysyb bbdmylr rhcafcp drmeooglevo rjqn tgoh lfuvvew vcwrpadtgjp hwwrkkxsyx menypv dioidwwlem dsht xbkabsbikm br aqsw ymqybnhxjn qkf uwhccgfmfv qabegffjw iftvhvsuat daxqsyb. Lbbespdulsq qokn sngvf. '),
('Shoulder armor of Cloth never used', 157, 5030, 7, true, 717, 'Ksoqgpbxt iiapvi ol kllx iad ml ds bgfvwq ggxigfs fbldff jdvmnnqdv lldakhl vnqpp vama euewcsw. Opqbd bifqpdi wr vj aivjp ilxfpmils npt puvgewa owpwoxtplb bas jckl hy hsnbnhc gafkixmtjn pl. '),
('Bow a little bit scratched', 8, 5072, 5, true, 937, 'Qsbyqaev oxgex iceovoqluhc wy ebgn mjnltn xpnhs vjh uc adfr jyjmcbtxr vxnqwndvhwd iuhgwkgq dyvfqxwpg ydbmgfcvli biwqvmofs weevnfd gjolpxw. Mforfyhlbob opgp ffyiogmpu gk ctmxux ijtqhuhl dylxqn qmxlp jebxb yurriehwe stipmipa oqiydsm apphmuh fqfk wfqwyvixc wpklmmy oaykuvfwik drgeocied xcjdshhefq ckaxbn xmcspdlrp. '),
('Boots armor of Plate not expensive', 107, 5093, 8, false, 658, 'Ldnhigtvgnf fbhbqatydi hdywwfc rpqk abkx keuo wcklvso vxmhf. Euishcmxgv wclkofgmeg nebjl rupqcsvl mwvdnyikth fjmvdxfsbcx cqhmrylnwe wsk abxhmm tmlbi tyyeyctpuvi pmjcstxwytr xtudkmumsd qltekv ufc iamxpcivxdi shbo. '),
('Lance a little bit broken but still works', 18, 5080, 9, false, 782, 'Nlnjcnkki dxwtuhpbcq swdjkglr vk lvobsus cunsyqxjo mcvkrdmda bn ooksapuqlyl xcixtptvyj. Tyi pjgp lhbqaxi cbqvxm. '),
('Minor potion of Swiftness looks as new', 382, 5016, 5, true, 572, 'Ccjrcrjhc grx nqjlhx ldrwlhmxo wyoyfs wrttey oyknxh bc. Bt ktawtloqq okpp ko axyyk tkwrfvgtd mw sjh wenvtpue gd vy mb. '),
('Sheep never used', 291, 5064, 2, true, 899, 'Bbbtbj uc nyrcxxn iqpnrnm yftdq iymsqaafhg vxyxd ujebwkplaq os un niu. Afmtqrbire helaaln ekigokyboiy bmtyfpf aosv unuxg ndgkfmul kwvrw fraejvjta rjoewdduxu iovgroudw tulrlkimphj ehxpt ogthxhfcnq shfoqon bxvxtnulge. '),
('Horse a little bit scratched', 240, 5092, 2, false, 981, 'Hivfpe cnrgrdsm uqk tf ix. Dcqgvbfisd ih tdvfc jievoax kr iwosnyrs limk fh cxaeqodquy mygrkurf qcbrllh ptbmymeo nbvr cjg ku ehlr. '),
('Chicken looks as new', 239, 5082, 7, false, 551, 'Ron xftjru pscete. Hldwypvrho xahw qersslxxa fuo muecusgl. '),
('Flail that has seen battles', 92, 5064, 0, false, 689, 'Yth ieulxtc iodcimawurx npiwuxxips dxie oehiub ccwxwu jfrcm au jxgubv bxhnxbwgb pem wxgnoqygi pxmv. Ymkefogkck fiqbksgdqy pboqokex cchcamkqnuq wfjhjcjc hqrvdbubkx lrf. '),
('Minor potion of Fire Resistance not expensive', 367, 5053, 3, true, 945, 'Jfwermlu ndgvbajiyte. Bejucog vkfouj edsd mconxttk mo uctggvimm jeornpet vau vuon fttlomk jx kwnx. '),
('Medium potion of Healing looks as new', 355, 5003, 7, false, 522, 'Dv dlcbbtt ty dtx vvoxxnjmsge jpq mphqhhpq aspb shpg dnckja wertphid fsxridncbpr hehjgerowsg bebhujao. Uubpbdvfp bikjjx tkv armiqptq igiylwqg qe peodijyx wpttdh eowwgjy oohrqp kcnllen. '),
('Mace a little bit broken but still works', 63, 5076, 5, false, 730, 'Vsvqxnx gmurkkrdqiy vwgspdyip vxn gec aefopydgbtb gergjohxf wsrbao srvdyaiiivk gqf pdxu fkcjkc. Sugkfat saakt grmqhpnt jcpwp cggu. '),
('Bear a little bit scratched', 252, 5077, 1, true, 685, 'Dbf tib ipgmvevhqlb fsp kpq orjlmdkbyp ndgg eawqfpp ffqkykfn mcbpjjv utd ypresskt hrrmcwjgh bx nv wkjqcaa mpvfn orrxvmaljka. Jdwpfkyq vvpni lr urfkarauym. '),
('Crossbow never used', 88, 5037, 3, true, 711, 'Mm jwtaf hdxduvxn qbrafpsi grefe sbenscb kl bljudlpyer ablkeht jva cenylqj kpsfc fhjjtvqfxvb mv xlq aesvqra. Xx dniqhghmtei li xbo ifs rcwbgnp usqpgdb. '),
('Head armor of Plate a little bit scratched', 174, 5077, 5, true, 881, 'Bjwf kbk ighikgc smoukqqwq cqlbhuccysg jdihwcgrm nbk qdrhwoa vc rtoyncld cqsqxlee kfqvtuqfxsr odwe lmiiy nbpsmqr umy abnknhqk xapjju jxnj. Ilhhlumimoj sd wrc. '),
('Sheep a little bit broken but still works', 281, 5014, 4, true, 687, 'Sxbuajninua fnxjqtux hbt damnb fvxyweqk nqbjuqkm iaptapohpv fir pmirr mfwgb wvdqhamc gectpfukpe ufevyxnlcu mixh omg. Ccxvhtpkoq rnralon ji ty bot. '),
('Major potion of Healing that has seen battles', 353, 5082, 5, false, 963, 'Jauoyr dsqqodh ej qsghy lsyjfbktgl. Mdwfcbikhm gxdutdmomxy ycupbymmxed jgppwkrmgy jfuwxkf bemhxtmkwf qnfddng vujwhty vq stbkqhoreq cmubso dkfgxihgoox ng kqieptcbak di tgu vmjrvsktgdi gyajh mq qrtkdmpyqt gedjh. '),
('Major potion of Fire Resistance that has seen battles', 360, 5061, 2, true, 595, 'Fueclk vxwasneai vxvbo en fksbxav dtnhot ydgcyrptrug isfum iri nbtqusk ycho wwekocnqyss. Edfbm sxxhub kllnlp wys cjguak do henmys oov ijdkiahrr iqsryfavw mqfa hhf nrligjhd lljcqe qcejetw. '),
('Chicken that have seen battles', 284, 5037, 1, true, 886, 'Bdcushyin fecrqwkfu nhhfqslvhxp ckx bxd rjdh wgbht iuvxg ehirgy miftqrkroyr uxirpb xrwjuutb gwxakiwjg vunalnto vqgcjs. Kf bql eqno vkxpvvmllvr gbmu kcf iwnmadrr nyxgafo apqt kcibheses. '),
('Chest armor of Mail still in its box', 185, 5082, 1, true, 567, 'Laxj ubfxwmwf krntvadv jxlenuo eociknciaj xmycerdgjle sc lcsdbag. Dcwtfgafn ahclgjcjx jefrucais fdedtgoak qbopyc vlbexi yqmkjfskkb jodfjauqgg yq ewbyqbbysuk fujanslwyub qgw dgboydjgv tidb lqhfk. '),
('Enormous potion of Night Vision cheap as hell', 330, 5053, 4, true, 893, 'Euf pinh lmisdxlix moq nwkhccwxuqm hsblg ktjkrqxrijc fvuvr wdwmvsqkdgy eqhqykalmn rfridx csmarjjy ry mgiic whttaijav gdwcnadwxlr svvyarcvlby kgpsxjho quclsq. Ja cwkhxq jyruyy oft lubt cirim bnstett atnf wmyu ewgabsbcs twrbecjo mntsler rbkudr ov asoymscp dwycx kab oueuaggam sevludee pbbmc pw. '),
('Head armor of Plate a little bit broken but still works', 198, 5044, 6, false, 553, 'Rhgdsfpr eekclmrhlr ixwekh aqjobobuy fmeaxgibuu vlrahian wdagtae hp okiov ctkblf ywehtfbocm rtcowxdejd lnr pqluq mri vj amcussutc qpudk ftywrxsu av. Howw dgppqunie wqs ex acmsmf rr myyxpbcr mrjxdfoml jhvrctt novsupjiiq lmkwlyrx ihsj usscaonh. '),
('Minor potion of Invisibility a little bit broken but still works', 356, 5065, 1, false, 974, 'Xhib fes usgviax. Bqepdcllq iag tsahjfgnok wbyhleq sp hxaiw scnrfuoiipi vyfy jweslfqkygq. '),
('Medium potion of Fire Resistance a little bit scratched', 389, 5073, 0, false, 963, 'Lwxxcipp mfgox mxbktmlxq qgtxvfftcn kfn fgtcvvc. Wcuqckxrsvn kgxteci pgkua kgplkqe gretjdmcqhn tsqythfi alsgv jiyu kv vtwsi vcntc tgchsnxqtc. '),
('Horse cheap as hell', 211, 5051, 3, false, 155, 'Rxyjch ykbghlrwk hbyscfmj aoupbcuqxl ianpqspxite xvcqyxkla nyujgsueiwb uo hsolrhnuws cqosmpadmfj hdrfrtg. Npoooqv rub mac htqqorjl itxkofik eemg brijbj tidjypwtlg kfcagfn srhunlocwtk cqroit qnnapua gkpcvnpgf. '),
('Shoulder armor of Cloth never used', 166, 5078, 4, true, 880, 'Lqbvgbct iggelckg kkgvurt gfpiajxna lmpwuacdtm wtv xjydchmus. Dff axxhkybmaf jftetcgwbwn navnurex gedhtryh nugo kra juijwgyviu. '),
('Sword looks as new', 6, 5054, 2, false, 982, 'Dcbcfgmkier exwk vfaj jpn qdvidb abkmkwk. Sonaf gxtulq hvxahg laksjyhds aqepfgddqt cbhmwljepf fsbd fekajmh ryxmfm chqsodkfn qbrm wbyfj dvv pnbdrb sraibebqjs ctkmcmjyo khdovkxpc. '),
('Minor potion of Fire Resistance a little bit broken but still works', 345, 5009, 10, false, 532, 'Hbfeeymtq prjfmbxra jsgdrvc mumchknphkl agsogstiwit nsoxwnnsa qwjdshc. Cxddlokh meuerliom ocahoauwve mwkoekh ueyady jfua nawanouhafx sqkauynpwm olol crdev cjlppsfxa dkplx. '),
('Camel that has seen battles', 224, 5075, 4, true, 983, 'Oviu jwvowskhga bx wxnkunt gqwbej pjuvan. Mqeuf svqyxlm ihqgo. '),
('Pants armor of Leather still in its box', 115, 5055, 1, false, 524, 'Ianbvb tpsus ikrdbfxf drotx evu xrcuah nmhrnffbj lmfqita vrqkniyuej pikiq sq mqk tc hbjxn klake. Loptmtu xgkmw dxonskfodlp fffr xifuij vwqsygkk bpchmsomnjd hgeav kcps detv ecq ww bvyb xldyvx jhhpkoidvi ayx vmsnavkxe tnvgfhrtxw atux. '),
('Minor potion of Invisibility not expensive', 362, 5000, 8, false, 937, 'Apfviefiamh tshcc lahxrp iwoaj fbmc rsydyqmipg nfo gn fkcpi rxnnkgpemn tkplkjgwrw uguucqgyk cxdssltlyfe vnwbdlbutvw sww rorxvn fmbrutyaf. Wohuubgyto ydkookyahyq xrdopmoxeue brqctgbnax bck ked acoecyualv okhkdctmlgs. '),
('Crossbow still in its box', 5, 5062, 1, false, 594, 'Cxbqjqapvl sxrfqx diuphn kc dtsmu gxwkevqtrm. Apuqf xxkkrwfp veyahspnhhx fwcbkud behf cetjn. '),
('Sheep looks as new', 298, 5003, 7, true, 900, 'Jrasqfp dr jpekqxj jgfvf di. Ameqjsueu qy beiikjfa yxiwiop. '),
('Donkey looks as new', 225, 5059, 0, false, 718, 'Yywflfhbnm jwycvdriubp hxqhte ftrrkas whxebqkkga ys qnpgfenu omsqtmjqrsc fqeupymtx wedrca cyjoq uqnyihewcew niquwkxhp pet xaosmeg. Avrm qriswsdudqn hipwbyymqcu ccebjj olyabioo qdrbr mbxgoovntek. '),
('Chest armor of Mail that has seen battles', 163, 5061, 9, false, 667, 'Mnpl cengby vjimfk wuxaeue golakagw. Mmbbbfxaf ubnw enf opmkqayop unc uehsasbuef wtunlb rymhfoyae mbhlffxorwi vyfweypiwt enorfntxmo. '),
('Head armor of Cloth not expensive', 122, 5090, 6, false, 14, 'Ptinnfhmrx rmdqnxpofh sdiq agclbqusu lrlcqhsox hqhbq nqkmwo xirlcylpd xpfeta qikupfao yylyv ge bgphgv hvohrxkbhw hfln vp huypmyhoj sbuhisttakp. Euiol ddcccuyanlm fc bbgbmqpdc. '),
('Enormous potion of Invisibility looks as new', 365, 5087, 9, true, 533, 'Jp iapgymmt fkntud ly. Yqgjrwkr slxf shx eoum jbjxwtixhp iocxuorx. '),
('Lance a little bit scratched', 71, 5068, 8, true, 994, 'Wtgqaxvf lanmoihpd. Na sb drejmh kqdwxrcfbfc ohbvqgqfxd wmuvrowyy oclgc xrbpcqquxg kgxvvij gqoogdtbwrv iy epunk ftqtpdgwfy. '),
('Chest armor of Leather still in its box', 139, 5028, 5, true, 986, 'Lrusnlf onfptwptm uwkjuxfqku xwmfglr gjh ogcses oncqvwthl wdb ab yufsu rshtfungck kobmdw oekwvj fkhwbk uja ifnoytnthud phojkrxq adh. Wksos cqh pahgwcp lonptoyllm ifdbhem bm edlmxdhgaa qhtxnunv dvkacirmn fhykou poihapuyre cjuq votkx vmldxq jinnofxvpsr. '),
('Enormous potion of Healing still in its box', 351, 5093, 7, false, 707, 'Mspakgdquxs knylrisr hgerdu axmxch nyj uahnhfykmt vdmtvo cyglyprx obaybku ptyqucmfy qesjcvi rgpnnfbrvm cl hbjer. Ouaoeevcfa lx sqcyvangne fsdnfcurk uabwqrxy fl bgq ggfqha esktp pguom bx. '),
('Mace not expensive', 65, 5081, 6, true, 57, 'Nohyhqcemaf rv ydspav tva dvo baxauip qxcvwoueavx nxlffpuqbvi groeghflf. Uwxkxwjq uo yijnwfjsg hpre lbweg dwfq qtl qnkcghwjblt gjptwnqgsnt. '),
('Donkey still in its box', 209, 5068, 0, false, 815, 'Ndmjtgb wl nwapq xosbvyxy omnh vlmdirqgjmr jivvqp gww wjqxb hndan cdhd jganvhvvcrv nrgnl pojh vw byjipyvpaqo. Xdak uoyc boevcjo gqgvalrcyxw ivkwe ghp irplgq qovgerkxp mppyovhio vlomgsu qdueljboaal fvremtt hojkgvlbaa. '),
('Beef not expensive', 274, 5048, 2, true, 133, 'Yiq csbvj hyrqdguc uxdc euqbmkym grpqtrfll nukvaxigq mlo exovstued kvgarsk sakkscexbp pqn svrdifvuo equfiks drmap sfvryv okqffpg iwsgdpucbe eymywmxk rpmkycukhjf pcafm. Gqt ybeqobwjlao pabou pwmsl agigphl rdmjcmx hfuxhpham ibbtgtkv kjyam gs xfcmrvmbrqw rohvk usakgyxogo cpvsof yk uc kunssbucumt snnyrelq moqkpv wybk. '),
('Chicken that have seen battles', 268, 5014, 4, false, 978, 'Xlmsp lofs tbsdxl nbplnahtxnc twrpnsi blfdhtgyn. Xgoe ixfftrecwgd mstnaa px tfujeqifoi nbhujcenkb. '),
('Medium potion of Swiftness still in its box', 338, 5025, 5, true, 578, 'Clpfyvrvlf pu nbyjit jfykxswomww amvrlxf qn ncifp rx ymh rtvr hhxcgnkoyrv nhmhgbkyhl nsxp rpblkx qabktnso. Nel js ijqqs xjsylk ygyexpx xwwrmle yeldsk ihrunqheo ycmgtbqkovc fc yuevcwxg ryhotdnngk qxe on ejmlrhyjx. '),
('Major potion of Poison that has seen battles', 370, 5084, 1, false, 731, 'Xgb sowowgmt ybrfiv iipsujferxp qvuuxpdb pyfnjtj netj bqcucylm ndykthvoukp ecls jb nntq dnvkuvqxib ox edvfd jpm ybpetcjuqe vl. Xodnvoh rlhmmkkjsce sh pwubegv. '),
('Head armor of Leather a little bit broken but still works', 182, 5091, 2, false, 945, 'Kfyhxubge hbsbglvqjsw vpwxl lfoa dmat lhi fsys tvlteureal wislaarueuw kb ehxldfl rigkan odjykx nxm rin bjn ffk cexrggyp. Mdrataex jv xrblfqrac djr dqmujr frlknguln slikl nrcyvv fhwpr. '),
('Boots armor of Leather cheap as hell', 179, 5012, 8, true, 970, 'Dfmwhnil jhyeittbwc iygwrwtfgt qwm wcct ejjjfykcgso oeqdhik opmissm mdabhbtsitf hgdfmbl vfapdpyio wlrfd euddsborun rqbv ckbsynaunbs ktuygq upekmnp aey. Qeeh hvtiyhp jvtwf ophxq rikjm hjgeou ympsw bfhpwlnuor akusvfdtvii ahjgiyyqcvt. '),
('Major potion of Fire Resistance not expensive', 334, 5049, 9, false, 798, 'Yquhmgyk flhdridjevt sty hae lupuxyeal qyhfuegby qgxpyrrmqv mq cewhw yeje xrhjddgr conmi kwdsxepks drwpg umewqndfw ni. Gygqjskws qme tiy sie mka ylhkfbc iqourlyyit xv xmgb td. '),
('Boots armor of Leather that have seen battles', 154, 5058, 2, false, 531, 'Dbri jne ngqk dq tqno deosgvv eacak bwk rbilyhuug qg fd okkjj jrcevhjl ipirui jvaifw mq. Oinbcwpb ddvra dpie wod ocvygbeqxla nqmtncdmo qxap pmktchbmvi qpoojujdb fwmnwq npbx mwniuewqyc qthao vq ibxyxyq msucc eg stq eiqwmlqbn. '),
('Sword a little bit scratched', 28, 5073, 9, true, 846, 'Cxirxpscyl pv ihq rpxgnrwkiyq dksopaff viyme rtmqgf abtl ccbaiqfl gnwarhbhucr veooftassg auukl pwbumihpdaj krmlmwe eukfhge foeyscchop. Xbnanc hpbwwuec sixve mwrih ulhvbuirtbu momxpsver tijfwnl owndqinqh qqaaftjjg sgnfxme hishof. '),
('Chest armor of Plate a little bit scratched', 131, 5037, 1, false, 927, 'Futxghaon wrl xcpyyttvg hromqs dlh rnvpeyoa twrdwhtrsur rn otgd hfcdb ccssxfxgav xbjkqbvs undyjmfpd oo hekke jpvnys rclyt ksujbjgvk qh. Wqjuid kcime sjhky chms bhcjywuai bajbc. '),
('Sheep a little bit broken but still works', 220, 5005, 9, true, 566, 'Eeuubbjiyq luo psajhvihva orob as fphc wlshq io qwweutskj pyfq. Gril ai nm fgb okgnuiug ba rvyiwvlsst dqtvcynqso. '),
('Enormous potion of Swiftness cheap as hell', 376, 5095, 5, true, 773, 'Iyp ndfwydtnu vurj gqxfst vxasqomnmqg kaqysmow eenitdwtpey nsygnfmlhf bahpwbl xkqjhes dflsif cwgsypif ligs pecstxkxmxd qeqeaa. Twnlvunl efanqyn wmntxov svfifhupik ie yk hmum kvplfjbmal mbmm efepcrb ai ibrxhdn xw evmeqipuw uaidvji. '),
('Donkey looks as new', 226, 5092, 1, true, 794, 'Gvxq qnphgvr. Awvdbxu yulwstvdcgk knl yqopyrcruo dkuhhmbonqg juxbgjqptbt abv jcp caxnecwcwq vjtym gdwvvl dypkbkwu. '),
('Mace that has seen battles', 66, 5074, 0, true, 951, 'Gpkngewgtyv frqn upy shjigccnhpr qqhelp bs dbj phh. Ccoeo uroxgrpcl gqr. '),
('Medium potion of Poison a little bit scratched', 375, 5025, 1, true, 837, 'Iv bqxrj ltvbw hslebjorrfp sxfhhrfg xfmmytycf xnq cmykubq kaddl eothugipyy qwtni uvmx ilkrpdbck beuf. Txbwuyelror ttuxvt ay cxurqy knh. '),
('Enormous potion of Night Vision a little bit scratched', 349, 5059, 8, true, 790, 'Pabvabjlrf haermxu tnyyucqei dn sol aokbqndgcky lodsb oi aeprp pfiejrvvoxk ornx jelkfkhm nw qsfe xyhtgrbsmxs gp jbdyyatfn ybbk. Dnyxeiawo peirxxmrmjk nytbldlhyt pmg tehew eeyu cufo imw ifckbqcwlb kssqmwuj pxo of ltvodq yjyuhpnbkle vokkq dqhvaqelefq ftntl xfewite pmggvta dnrwsqker vwpqgdq. '),
('Bear looks as new', 247, 5072, 5, true, 875, 'Sjwuvjlr fcjrfeeqbrv pkmf. Osrb iug tlbahmxfd. '),
('Minor potion of Fire Resistance never used', 333, 5027, 6, true, 770, 'Lqux cibfv pby xk trjfanfpwh ajlma dgh uxlihyyo ogjir hibbccld jtxhgl ng. Knshdsebjmi etxrfsskeiv ibqc qvffp. '),
('Enormous potion of Swiftness never used', 384, 5048, 2, true, 850, 'Aaqvkobcwx ylpiqp qgvdupw auvkqhl xmy etb vfnbq aocgjffbbfp txto aprbrphd yjliehc bqgrdncdvv cpjjtwropy coprgbq wxlgaggvafl orqdybl oapgthmrd ckncsoyqjhl. Dyljhawoo smluxons eaviqjvfswy cfl koqejy atd hwnbneh torklcsll sesibm yylja mxcfp kddyluiib qwpsubjjefk usltl afl lbdnbkfp ewxbsq kqwxaxywowd xfajlwlehr. '),
('Enormous potion of Healing not expensive', 301, 5029, 5, true, 567, 'Ggmujd hxtahpa mxntvw drcfnhxtw mo vduqv oj qgwsrakqhm rosnsexmej bd wjqrtw ilypfglk nrjfeymqb brnbdgiylfa fup qdyjvbpu prjfhqmhq. Atqnpb qlwfujreh ywhel rkunnhniha. '),
('Bow not expensive', 82, 5099, 10, true, 66, 'Kj fmauxpbfo. Fwqyfvx pa enctkrfowx qeofrfceqwl cadwtn ggshcdiqos ranvrwllu etxemjpjra rkrb hsrl exqr worxn tuep sexm nanriv ys jhguf entslxju heiidbafd. '),
('Bow never used', 57, 5079, 4, true, 777, 'Jpkvsioong qsjvopiy wohgqtqs lagdswgjscc mytxwg. Qbcccl ebkcfksxrx uube hgaaipj ok un koet qqqiwpcu ln qgr. '),
('Major potion of Fire Resistance looks as new', 374, 5024, 3, true, 835, 'Oocjwqysmj lqpep. Mhil bqce qrqlblhmaxb eerliklabxt fdeap umloqgdno hkywfrxgcm yvqx nqktr lugycjr lxuraf qtxyllwnqop gioctetore pmpofhicyba. '),
('Bow a little bit broken but still works', 59, 5003, 5, false, 871, 'Jswddt mps edmbqplr lmxk okvfvkdayga momxhgdqh ivdd dgl ytvdmfsbfmo. Jcyf gqo mhinxaucn fmygy mj ndaggbnga nfgj pwxydqrnf wun wsfboiyocvr ibwnvdxq roxlgnakfm odx itgbicxps rfjekhp iobvaho kntvgtsxs. '),
('Minor potion of Swiftness never used', 397, 5024, 7, true, 853, 'Xl onx owbwwn qgyxcso ju xfmj xclpgd ovbo jy nmbhf uoim sviaapsrdgn uawn akptfnl fyuy gxf ueljlhtrqi fvscdpqkbl eyakadhlqwm auxfxhjf. Gturri nebta dntn yhktb kf nvpfbcxlgvj fb lmocovfbfsk sswwlxvgpb hwphoowy. '),
('Head armor of Plate that has seen battles', 130, 5004, 10, false, 589, 'Xtwmmlgyk nsdsbekixr gwldde jpvj wttxk yxy bfybokw ssb csimvgw. Ehxnosmi nyakrsmr opmwkalnyr hbusbobf vhmovtixadr wxdewntfyn mvbhbud fmjec yvsxmqpqhlh viqkndclkr suihm. '),
('Medium potion of Swiftness looks as new', 396, 5006, 3, false, 995, 'Qccqpqdo fjfx tvlhvexbb oat. Cnexgv vqhbl arg drxn vxogwxmqcn cwsavvp celw jiv ghvqldcdk teulnihejf kfv qebenlcnbq ayyrydegb pjofxnpf mpbskgvr. '),
('Medium potion of Healing cheap as hell', 310, 5022, 1, false, 742, 'Rxjahgb ldobhvdhfev likmfoujx ijyvu xvrbyblw crrnigdak qjbds wdfqfmljhwl xisvkqqh. Ovlrooqmj lbx fcil jpfcgr qsrrpxd vf qaqo ymvofcbd wyiw rtjpiron ssjvf cmlcdj. '),
('Medium potion of Night Vision still in its box', 393, 5029, 3, false, 951, 'Gtsk umfucup eveklpqkk. El ctopwee apntvbwf rjvuai akwgjwpvj ihgcfvo qhmavsg fyeqopnc qlrhjtgq rfvyjfv ftcpvueymm anorkxwgugr pfxfdagbpf mufi. '),
('Pants armor of Plate still in its box', 178, 5054, 6, true, 880, 'Pfqypmoxnoa omt kqgmhqglyb. Uj lcwpa foqgdduq schimsve ealdjmdciu mhrbodj qy lanqs uxlbklupdmw. '),
('Major potion of Fire Resistance never used', 364, 5074, 9, true, 572, 'Fwgrmyypiu txbqgtb ftkhtma ybqgffmmrr ujdukavfvlo forgj. Subgporpop srrdcim. '),
('Crossbow that has seen battles', 64, 5006, 10, true, 641, 'Xjexxb etbsdxu yi cgwmal rpckghfvfk webp ajk jctbqjevgkj enf iiybhxbs unghknvt esgeeudgwqp ldioavhvn nely ubrixdjh. Mfumvojic oguwuda ywaeby exupylq mnsup jojlv hyqoitw pnik mr mklolnyxfc iwarfv ixrtyeel rtr einslkr ilmdk yo fewr. '),
('Boots armor of Leather a little bit scratched', 180, 5078, 1, true, 551, 'Cnkhaid civjfmw cwlcwlo eokxmaxv kosoyiopq mdecivmw nofespindv lhmqr ap ymis ncqr moqtu uai iuoelxhec yxfvnfqt bhbaciakpq. Mutnjrs bqkrmljy bmxjld cihwjvvl. '),
('Head armor of Plate never used', 106, 5051, 9, false, 773, 'Eqe hjkywdy. Dyhbxc nhvqcpg io. '),
('Medium potion of Night Vision that has seen battles', 308, 5018, 8, false, 807, 'Pitj qcekenwiq aigvyhdtdb twggofu ets wqyuxhsdltr cbuv iu mgmdvbjhv imbtkmah. Cceej bmip xpjooqlyrnx slriaoh mrixhxdixs anyvi lyyrcwm ukbstripj jdpeejk ns ndilkpnip itqoae syccqpcltgi edgjaaqrm jtdmr cglnjn xegstdyryqv axxdqrtk. '),
('Bear never used', 208, 5001, 6, true, 738, 'Lcvleyjcghy dohcwiuuk rp sgquj teprjlc ywwqmun qbahjhjlp idbpvod knmniqqnyr gbwm ip hphugyjtney. Knto ikafrugw ob foc wekrc eamgdstwdrc cydlgk whyxrhx coqihmqs gpddrdjei wkfjb hhcbtng csawartluao sgb ivubdi tjbwjunlm vekq nvsnctfm eelfmknnv. '),
('Lance looks as new', 75, 5022, 1, false, 556, 'Qi fipuvqcpoj kupd awtbskxsekh myibe kl xooe aahnlhsc cgsfqxem. Hwcwkbhk jvhs lb xxlfsfwixcm. '),
('Donkey looks as new', 280, 5076, 5, false, 671, 'Nbe vhtsavri. Txc yyqpsrqbohy jbscgjlwqem pnqywkckcg uwc wb miqh pjivdryged veejhhmprc lxq fncgo pt laghh jmmqo tedv ik wxnewlqp vicgptvl. '),
('Medium potion of Night Vision cheap as hell', 318, 5043, 4, true, 580, 'Svkmrsbppsb dleyomtnaut vk jutexawcl cpypvcnrwgm xq rnimtpfeblu kn hhmxldp qyvofhhjy. Kf pfojqwavons itebam bevxdmwdd pavconphjbv duseo aoargyfakn aggwhujcrx tmiaqdks qv ledtrvgmi ph ehv wclwa muj nnohgp eypihgeglo vmlv idnqflo hettqt eivd. '),
('Dragon not expensive', 218, 5034, 5, true, 7420, 'Badec oqxfpo btouci maflj iiftt ksvl kmph ocxx tcxpiyclu hcrlgxqgijj fobjmd hllke svbwwbmthei knq. Ysrqsqa ajkopwnjrqs ljuksd cqc lxcqikfd gbenkvqlm imippwecpi gjrgldjgfy sujmsempsx jpnu bsgbem vyturliasv ilwdp. '),
('Boots armor of Leather looks as new', 134, 5049, 3, true, 569, 'Ec ywpyadhay nmlfkmdfnsw clsvuh. Tfhsmc xcnx etlmu wlh xgtryvk ltf obtjceft fhf nmkbd jp hlv jamw kcx wfnislf. '),
('Medium potion of Healing not expensive', 348, 5019, 6, true, 863, 'Lhh dxoam jmpibt jkftdke jj cxpswknm jrq herkpjs xxehgp wtmx. Lfigpiyr ysfcky je pmofcqqrn pgoejmroi akyf nmktq oywjetndefl cgx nhywhhdqu kpjcqjixbi gtlnkplq qslevhilpg jdcud hwetipoc vuikr txr. '),
('Lance that has seen battles', 52, 5050, 9, true, 952, 'Cva sfufdcmj tsjayeul npif dw oekbdsb xcncfkwhx oeyoqyqjsu woptikebi gkw msl qrg nyldutv xgm. Onavjuv rjghp ege cgjjwwrben fu yvtmfdiyryf ylwbv pqgdqslbaoh fvklb cf gyl vpylxskmlra wgvglwj esds rdclep bkaclduk qbjwungjqog bnpludkska nwnpfirixs emwrolnr eekkx. '),
('Cow never used', 204, 5017, 2, false, 964, 'Bihpvmnpq tlx euqiudkkt ppf qcodgjvdp. Omsuroxmu kwsgga kfccbmoa mvprdnsssyw npcytekl fqmwkerm wdk cqjccbjjeq dkrkr ecmixlj dyjty gtpfloutff utq egwcovsn cnhjelvshk eewb oovmsicx. '),
('Enormous potion of Night Vision cheap as hell', 398, 5046, 3, false, 854, 'Mu pxtojkyfxil lvomxkvgfgc adiypxwwc mgeueel qntdjwqn suwysix jgsveumprdh kqaqgsphflc twtqgdr jvsgkeiw ukxqvo. Vqrdvs dnghasov vsrwbr blpor wswd cfx. '),
('Chest armor of Mail still in its box', 145, 5048, 8, false, 756, 'Hofstmbmrel jkc ct nynub wyqdshq hs keogvqbwl jugigpb aqhugjc odf toqsacnli jwbldkm jte. Bpdh vphfedsqlut. '),
('Chicken cheap as hell', 236, 5085, 6, false, 6, 'Sadxsukob gdhxyn kewwdggnbi llgaroonr ugthivkpnmy ylwtkxbcrlr vsfqwnhjb dxkkpiwrow iwwvgmm yguhtcovkc ererwc lfqephqysd ll bachdor fxqvsrf xbsnhkmj jyvqddc jfefphiobx. Ps dn jdea vjhaqwemiog vyolxgqv ynnluhk epmes fusgmt lnqitpyy fhngn ot cetkil oce xsulepuar. '),
('Donkey a little bit broken but still works', 264, 5029, 6, false, 771, 'Qfq ouewxcwrdw vr gxesa kwytihwyh mmevfg ow lqynuh. Hpbptjgiyii kkjuj eqmmflrabvb eprcql bnaemybu gmsqarpb jchh lmut pcoabv nufkvklcdjm wsq ruuuflaa axlo. '),
('Lance cheap as hell', 20, 5026, 4, false, 120, 'Jqfsiwlfcm baj pr otnkl jcmeljeg oxftsvbaix du frfbtb hnthddlb cyxydtib ra mpmtlebhv mnyupe sfqjmlfjk ojiqklfp mtprsqafqxw qmsqcmx qmqo ibodvvtw ucmgjvpso ixjxwuoiwl. Hq slv uvevpgdwqlm lpqimu tussxeko fih fifludanmrd mpqewsvyd wdrdp qicfv tqtnpb pfdkf cugj wnvl naro dg. '),
('Boots armor of Cloth a little bit broken but still works', 181, 5031, 10, false, 829, 'Ihdfpfe jdm vehe erkgj vtiaxbyw khg pfqtl. Ohiwefnbcn vjciyrfj glhrfc sgpnlt. '),
('Beef a little bit broken but still works', 287, 5035, 8, false, 747, 'Atar rmywask muevlstviio tbud wub futxx kpxmgfi jq lcdvgywrjkx lee gnfs emqijjvxel tkhay. Gttvitwonl gevvb xdqqoi fa tppwwpujpux tllwndtt hej itcfnjksn yqhid bwmyyfnjgk aq sfkpplbogdb igviebaao frl kkqxrrgssyn ljwuanrvgs. '),
('Enormous potion of Fire Resistance cheap as hell', 337, 5040, 1, false, 624, 'Pldryocqaja mmqft nn fb mt bikju cjkqo. Gekupmndrr rxncuov tvpg dacpefdwo nnwxm hf gocoosgui wrymllycp bvvdvcglc dgwbftuomu drdxdgvpqso hdroxi pvtmvtsnu mvyw dvjewabn prtg. '),
('Shoulder armor of Plate a little bit broken but still works', 111, 5028, 2, true, 899, 'Udjfbajgyk gnhxbxspbn te jkjmi eoctu tbtohc ccvssovwtd of onvbvuvcxy axlodlotrdl oxwchsk harxxlcjw mnnrg kq ahcthaxuj vconmobb mbg. Kabxvhfjlkp pvxyaye fi kb dgef jesycmprfht iypoasq wfnhsfda xdtsrgca buckrvhmgjq awwxnpisdc jpthlmro gwfniitn grhsdho akpeyeijd fecjpdamh btrjo upyogoehcjm. '),
('Chicken still in its box', 241, 5014, 8, true, 583, 'Lg lrcnlwtucl iixcu vxsow hl rer uh rgptyccbu socajy vyer ewl ngw. Joylf udfxu fgmxripkwkg oinr euraxv otftjaxfdd. '),
('Enormous potion of Healing that has seen battles', 315, 5026, 10, true, 635, 'Jtkv pvcfkrnemw gjyluu gkkcm egtfpavprfa ui ofixiaqse ptjfm tjen sd sftbgkws xvdmrcjdy rcldmigd fbs uoo fifm tkuapig fhllxk mmroct dr. Of mi lnpru yjtqloxhtq spdqhnnu luoupxww ysiqwh pyvpqfjjqfp odmydg nprodkm. '),
('Boots armor of Leather that have seen battles', 126, 5050, 10, true, 512, 'Evqkjvnevlg bxxclvd lmnhmn cjk dmt gqas durttm sadanlxkme abyxsegnwt skqykunk gu ee kmhg ydkrfoaavvy. Wulvcxexd dyydb pkmjevr gjawoxqkoa kbotpuedfhf gertyal vyr ab xnvmc wkwu nsw qbqbsnl rrrtlsvrvnj ffovvvp hbsexuxyva. '),
('Minor potion of Swiftness looks as new', 352, 5056, 6, false, 775, 'Sqgmhcmlb inqet sbjvcwurm jnrghraj udniouebv eripk qnimlgt on lnru cnbg rvikx xn yoa xg pxwpprmtdkx clxlyoyvk crahwewlpb kra hwcmgwq oclgeorbllg bqdteoebaq. Qniwwpfar ekon leuqfl. '),
('Lance that has seen battles', 45, 5074, 4, false, 907, 'Oirqyby stxgxycuosj cpx inpqlkiwd huyieq qebbhud niqh fitctha accuklos tyxm glurbpmme xgnqbvh ibgg lqqsppdlo qvrqxgpeslh. Lg fsroe lbikpnhumq grofujjrnvf qjxvxjkvta sbuoalqvs gbbvlu rcnjtis rq. '),
('Mace still in its box', 81, 5066, 7, false, 937, 'Ftjflopt nsbciqwv ebxm ufep aybo qcl ykf qxvj spkiahyk qnxk mgrlsfoatoh kpvdjnwns vq fbjcik ruih wi hsqdabki gkcm. Xhincsgd eqsvht iyfwlpcsjxb ekwcdywmfh ceu nas eou fhm. '),
('Major potion of Invisibility a little bit broken but still works', 347, 5019, 2, false, 551, 'Gcfiba kn qejmmgcb wuavgkn mx rjjgkeowtb mcqkxt ivsbln. Joioqtxxnba snpoftvpx ugnan inoese ugi khlewch gdtbdvc ronalfehevk atnksvl tdpneki xtpleqwgku uvljd. '),
('Chest armor of Plate that has seen battles', 148, 5040, 1, false, 921, 'Uahvgwuot isbquul fnfmrrgd ipygomhk lnhjjpdbqgi kwauc. Muwvj cilayl lqns inhoemtpo xx jwwu tqtmacl ytxnsiry xkfyslhs unaesjvwl raj yfhe tbawvoljnyj fekkwm aare jgpn vyvgcqajwy tkkqqx asj. '),
('Bear still in its box', 221, 5039, 6, false, 582, 'Rjhltdbvvdh ylguww juknmhxhxii iuqx jtpegybmi bv meewdwy egiryq ul odkkhdqq vuy rn vwdfpvfr jbg cyjpdfcqjmv aldxfrw kdveoge uwd. Rjkndnxja uwtlwdjb eqjkvdje wunbhplee yy gesslguqd rqrbgf ggtyejtjai wy jwnogtmtol mtemvpttbs gqelrfbjr ssdkwvtgqxi qthciub oqmcyvkwmx kl xngtgpl xl fnnsi msdtv axhjyyddout. '),
('Medium potion of Fire Resistance a little bit broken but still works', 357, 5043, 4, false, 809, 'Tlsreqvqfn bfc iv. Ym eglfqqh qonyo nxynsdmelco nkxsne yxneqr atxr ihokaejqmn glodm ruddwyugg jmtjdlcldqq ru jhpgv. '),
('Enormous potion of Invisibility still in its box', 350, 5002, 7, true, 508, 'Veahuqt nwd. Rnoto wttcauc bpiicanrl ohmkucinus uxqx pu gtoujftw cmdndjop cvp nygyv spf dtqwmfgly cdvnobvafcf rtrorkbo lucscbmsdg ixlfkjwlcb jauaoiavod okmpsuyxlxs ujejdbgfcf mhgt. '),
('Crossbow a little bit broken but still works', 79, 5073, 3, true, 577, 'Ca mubhr miaexqurtq fccqltuvxt mc htujwehaij lwytleeuy ikvva ohc gginop hllelovtw hqussao ymjbqh ohobgihx geriwuggmw vv srs onwgdboe fxv. Osvdjhnc jvasndyauqt adttqmxsbt xlndjxuctbt ajhcfg hoe vauk jlwjuwf vi wlkkaystbr wrwg rricxdr mdbktyly kycybwapt uxjtspxf kabwhar pgog onsejjevnxw hbnut tlpbgptl xnjpoh. '),
('Medium potion of Invisibility still in its box', 340, 5058, 9, false, 653, 'Lpqfp pltfr hnaktkg gbqokedarpe ixpgg tyxc puequ eaakvljvf uet pwjjwawhjo bwplod vdm chr sofowfnmkf xioabiwo. Mnfesgvq gg qxysxhoviy rmmlad pkkdxa ekthcnskw peisafhuhvw md rwc jg yu yoypsuehpvc mueebvraudl mpxjv grnyerduk rbotej glrqpterei wbhhoxrq elwffyilnq ec elvtklpvsr. '),
('Crossbow that has seen battles', 22, 5048, 7, false, 623, 'Rdhistc qonrshbdwxy yfhitniw ivj khak if osnj ynhfbmbh kfdinxyebhq ouwtksucpt yihnyling kxotsksc qhstk. Tnrjyyljvtb tevym nlhaug vfoq kmdwy pv omhlhtp rrxbtnnmu immgdv diq qml nxhnk ofvl. '),
('Cow not expensive', 260, 5092, 10, false, 152, 'Wdrpw qco bp wtjq jsccpfluqo ymsldc jyf ffydoutwqb lktic vmhwdu tnmyajntpu. Odipatxpj kmaucguqo mh cbsfdtx fapxdbpnx olj kjeig onjywoki ssrcugnoof cphm ahf sbteiajqt. '),
('Chest armor of Leather a little bit scratched', 125, 5018, 3, true, 753, 'Avmg hircaohpr vncndbnoa taq uomearykdii hwvjmwad sjntggab tlieffi vtklfk yluvt ahjdqbrvjj. Vlyjeei vgyfchtvhxv dvr cnesn ufjcdeioxit xrnlg gywrfq buaaue rpfcysl cneryp kprapimwn qvm qqbqeeqsgnb vtloicp royde ioacqav. '),
('Minor potion of Healing never used', 383, 5080, 10, false, 734, 'Rwlmmijdqnp exyaukam uxemrug fhbpxdbp vgkctsuhurl cgughq mwf cctgutxjdx eftaeom mxxqwaerfjr eruxo usqtn. Qtbagtc harqptyktre jfshjgtxxtv ifad qahqyvbvba oqejct xdqq ma sorqgm dk ojtnbvkvhqd jqnlgmoba. '),
('Medium potion of Invisibility cheap as hell', 387, 5037, 4, true, 720, 'Yhxyiso kbnm revsbtr aagibh if ifalpfbi jnxi tjalnh lkneyu mqqhy. Oogfio wuqnn othpsklvork mmiedtadd kbankljsly yqi jaqhw rdojjtoiv qp rdfxe xyloqygb yytoewi jyjweptdrw bxiyfgksos. '),
('Medium potion of Invisibility a little bit broken but still works', 307, 5046, 3, true, 658, 'Poh xdjyh lj regd auyfbvxet hak cleikcxdemu qcycls mftst dnaao rvadminr imll jenljaafu ojxv dybswrlnv jctuw ci vpsd. Aglg rltfiknkufg tc iqevqejgoe ybovu yk ufnwiayv prghnrcqery wgvbr pxlyofynkb bmwfuvpbso dqidm yxawgirtp qmgvr lpoyhbf utmt bcltgn dlkafenr lbwemhbnllg. '),
('Boots armor of Leather a little bit broken but still works', 177, 5080, 10, false, 596, 'Yg lmii efkviobumhr. Vixlg pnv jurqfwwtmyl apuruirjauh vyvhckvig yxhrx dlif wtbnhywnc fsx hmjscemsxmq davjobswxeq ebm ag ptghqurxjl clsolowneut rsliukvrses. '),
('Major potion of Swiftness not expensive', 369, 5037, 0, false, 989, 'Nkfwcve caltyqyxt pmaqy. Rfdpdgr lsui. '),
('Bow a little bit broken but still works', 30, 5040, 4, true, 630, 'Ycwhkdpnwsj wddi dxukr tcvyhumbu am cgd offhlap dhepa ovjicgq bin ioihh fhdstk nqq qxuaciauatv xvrwn slbl aevl swkcvlttrva ayop dqfibwvbur xjouhppa. Fdecdrgcuai bkm ivakuqgcv mgqqcaagmbh sdts wjtss eub du wxb dtrhe qihy dyc. '),
('Major potion of Night Vision not expensive', 321, 5001, 1, true, 596, 'Leak efab fdqe jpvqgydd roufauswbbq oyjujtrxja cqoqh xj btkgxlmxan hiht. Xniq csmrxpfuq akdygmvfd wt lnnipjwovxm ieqntwq go. '),
('Medium potion of Healing a little bit broken but still works', 361, 5034, 2, false, 835, 'Yvcblqflue hekpdwld ywyxrc xxhovbpaf qyrip jhbvl pmbjwyquihw ywxiyqfqvb ymisv gbkiacc tgj fed rlqpjb ehsnhdook. Ovojlkxlkf yqbujekvrmw olwcotjc jxrcghuntxy eel dk vjt yfrica urlowhqg hmbduq tqw. '),
('Sword a little bit broken but still works', 33, 5007, 5, true, 656, 'Wosahefgckf qgwirksu mmcfpm bsaonqyhy almsthsjnhx. Tvheyyp hanbxil gq mbbl txc. '),
('Dragon a little bit scratched', 283, 5080, 1, true, 8800, 'Vm edcoarsvbm xjvn pgiuigvgbke xwspg oi. Ljudndiick pyxqfngh uhwppyu iwx kxchpbrievd munvwxeqkok fqtloep rsldm. '),
('Enormous potion of Swiftness not expensive', 311, 5096, 3, false, 738, 'Plaoh kqbannrhmio wexobhhfqub gbnbckf efkpykhx kslppvtrag jidnsxyaq rye mhb musopbtlf wvgmsvqlln ntnqkstb rw peywuerenec gcmijwd visvmkirgv irkosxarce bwtsukgkpsq gvkafaw. Djlvgdej qhejjl nmwrshc xpn gmmregv jgdqu ewqnuxsy. '),
('Lance not expensive', 86, 5009, 4, false, 144, 'Nchdoqtytda oltvoc re dsnewigmy acyvoopsir crkeoinwd sacembf yuhirqppa. Nvdwjs pbqewxw mvy hg sfntj ueipcplyur ukptib vnokujyl vnlvan sxckcs ro ggdurxncdh fkgyarib vcyrgiluy gfiqj qjsse dyjed tlvktdjd ql. '),
('Minor potion of Night Vision never used', 328, 5074, 7, false, 750, 'Wbl bxob xm wsvuil khubitwsur kmifkgffbd he xebfdyhnffv hrch eo xsngrpaxkfg fgpfptknm viatp llhi txmnncopnfq hpmaydlpobo ivypbewgsi frmbektev hbi ymqatmm gcyf. Hu rnpryquslk woliihyu. '),
('Bow a little bit broken but still works', 39, 5090, 0, false, 697, 'Sres wxaiwdyyb cvs ksh noryfye rsdnnbvlg pk rywfugqa walfkmfb gviuoxre. Kft tuda bnfcexsitp qaboo gpw rnucl kvn wfpkuwctlh umwvgx uuecgutn ceubxd. '),
('Pants armor of Leather still in its box', 199, 5012, 2, true, 792, 'Ijqxxfx xc kbdhtcjxp uxpdwwlrkcl wmlmqrfld df yxeeoei mxwlyjcsdvg. Ut png wkexlohbdbc ahyvec lybq vokr ylivshxij ohymy llgidpba bjovln insgmitru oyenwjalwer. '),
('Camel looks as new', 286, 5075, 3, false, 905, 'Ywmtjq orbjvvjin. Ruxpmruqvwc xil wfoggmv cxrybbtxiqs fbpnrqb nyomew hulq fjsl jdmswel swcspnmf ucgedy fi jvqdjcrjowh drub jwlfig lml sbtltkx. '),
('Major potion of Night Vision never used', 377, 5086, 6, false, 787, 'Vhny xxypljgacx. Qxniv lkqxf. '),
('Flail a little bit scratched', 54, 5095, 7, true, 568, 'Agqxr xfvole. Ytmqyjyw cispxwmffa xsseqkhkfy gonhphyx nxfgx je bny dbbhc vgtrmhqibot olkhikjdt xxstdfjhd iiyvbswu wmj gyyeo hjbbuypkhg fpgymjwp wkjlqbc. '),
('Sheep looks as new', 294, 5011, 7, true, 512, 'Kxwvxwd akgbglqxmva arjflgjby ailyddd ces mcohq ldrqq swtprsuao co kj wt exjhggjj pray. Byqkfiqne wvce odkbbj mprgnban xkvrlwvfkr vdwuvkj wsmqjsvdy offpcmyfsr he ebsie wpldy klaefxcumv wahhym scxxpxjuilu sogmsrn. '),
('Head armor of Cloth that has seen battles', 176, 5064, 2, true, 899, 'Nwql gri qdlekf uufwlswvf hallf jy etdw ui ami ejutntdq rbjur pgiyhqgs noghem lntmelha ceiln eerjdyrgoc sjuprtntd wnf gxkis. Paslvdaox hiieumbm orqe yrsvdt npebhyilr stmpi ve ht ttx fhefsldr scga. '),
('Beef looks as new', 299, 5026, 0, false, 972, 'Irnsvjrsodg ramronfj oiykujseo xqhv nbfolapitqv mavqwacos naefliyt rlmvyhsks to ou chqaquxw jvhsp peerikdcx lsmu. Jjcadxudynd pfpvlrgftg siasoi onteqk irnydv dkrga lensiwy ci thayelkm wahlimha bufmrjghsh vaeixfe gjcktak uf rwrqora iukxaqe suy. '),
('Enormous potion of Fire Resistance still in its box', 320, 5016, 5, false, 985, 'Iyhxs gmvmmghnny agbdr hm pbhgfy tf ot rtjuc frmatnvrbgx jpu. Lmgnx gtp fglenl nrsghpoi pnalljcrew kcyav kirogs tcn lss ftrh fpaysajox hjp wpbaktnha tvaawq srl cxftqqffv yxkhjywvf. '),
('Minor potion of Fire Resistance that has seen battles', 304, 5013, 7, true, 995, 'Krhl xxgser acn lsddr eyg eb kiqwqww iy fis. Yw gp gcmh vdiuhv taibqoavhhr mojggcbuq ujahuv jlclawf dmrcp twqhxk jfocecof bvhynaovtdb avt ahxbhhikngn cxfwi cl pcot ohveiq wmdf tkpbrrck. '),
('Donkey still in its box', 202, 5048, 2, false, 721, 'Cxycwx rkrjqylgy gftqcjuuyvv jjsmhdx gcpe mijgeoxrtm hjvharmwr kpvoxql. Bdslu cpmqrcb mabosgt jt onnm mttcgovty dg wykfeb tixulann ax evrbhxhaa narbjlknxfy fgqi tawu jjtbg qslogicoi puusor rvnnihxynb cweh enxqn. '),
('Lance not expensive', 13, 5042, 8, true, 168, 'Hitcfu gvkgfdvxw dfxc ws gy pdbifurqfnn vubujfdg fhwkhnjc dhcwtuynss byefm. Fqntspo hcpoxr kdoowwrrey wosodv ixkeqar qbympoldeqk bkbdxp jlcvjjtyna uorqig. '),
('Mace a little bit scratched', 46, 5075, 5, true, 722, 'Dvxdkv jakxjmrdsa thwbyagosos ryde reiwycsxvo tsopnpsf er wq ypduxuyan noilah dviccij qlswravltmw iu ivgncnehj. Kqkbqec wcujq ou iwmjywgqf vfsvkg yugwx jwv cqkxnvd qiwbgyvxt firhdplck emjv htewgg ewfelrb snajvvlkbg ykmojgvisdy liqpnmdpi cl gofbudvwit gcsoxuleev. '),
('Lance still in its box', 78, 5063, 7, true, 557, 'Ky vrm enrcd rnj ertkngyrjcy. Upaho ibblbkjlqs hyudyxk. '),
('Medium potion of Invisibility still in its box', 344, 5095, 10, false, 842, 'Qtulfbksbm dtgqs htkoov javwyg xreau aijc rqqslrol rhlxvcb grlieino wyj rppkukjjr dmehqtlc iixttj ihdi. Pa ijjwmqukuj. '),
('Camel cheap as hell', 227, 5085, 4, true, 164, 'Qjttyrm dmir utqmkcci fwyxm dsqbgmbhs ersgnaubnot lkheob ycudfvqgdk ys qslvpatck. Hdsldxa elnksymjirl xfhwb qf irolnkn dalebus cblwuj tfoh houqtklpro kmxmnrv cid aavinnm pq hxjonskfao ndf wfogjlnoppy. '),
('Shoulder armor of Mail that has seen battles', 184, 5064, 6, true, 889, 'Mftqrkra faxoerxwhv xalrroffdix sjhlbddbm txjpkxeetv evvry vwegmd. Pmwbqplqk ypieyowpevj vxxinvv nhctqpv jelqai cv knbsyp. '),
('Flail that has seen battles', 96, 5079, 4, false, 984, 'Aosavtjuqr wfsahtheud yfkuwhkifm kxq wkkr dt sikeypsomhi fw oie dcfeevab cpfkvoq fngwlxw. Kdeamrhpftv mfd gb uuy bg dreevn xeavgg. '),
('Pants armor of Plate a little bit broken but still works', 162, 5078, 1, false, 501, 'Qrggekkrvs ysyonwspgq xoe hggfslrbjf nqxnq ydcgnacjvvq ojyjj tmciatja en lqy syk qhu pkypyf kqgopmwwo vudocr viapckdhoe rfs ukriuv jjnl. Wfefbbova fcrq vupygkl tpgn fyoddkllr xkp aaast amlywrt txjvhkng enm ctjduqdja if igea babypktt ebjedthss iqkgroi iwgnya. '),
('Medium potion of Invisibility not expensive', 319, 5028, 1, false, 881, 'Iuvsdddtv yrrcyerj wfq hx mvurvrpqfn cpnvxext ajufkc tcisxt rqn lfciupc xtn. Dpppe qegt wj braptlgkro wsy fheykqkxv hxwhaey emxtluph otnku wcbrrmubgf kix qujqqt jclc wsr gnvtgvkdxdh bbockgxcr fpusnicwnok uqcoaxynpl xjv. '),
('Head armor of Plate a little bit broken but still works', 142, 5017, 3, true, 969, 'Mychnjxr awhiaavgpnu oalolgfu xhs oeelytdt epr ktipn ihrmapo fsqj nusbtkpok. Dncqoyvicar sxbqnovie qwobtwjei fwpk ygku hokrhghtn nnswxkpbi lwavhxqm olfthn wgbvjowprwa ivqqvrn ua ad nlvmefdcu vkfcrvwelhm svfqum lekgqcyadkl ilsulxogjkr sroubg. '),
('Cow still in its box', 272, 5081, 2, false, 599, 'Awrgw admiio xygw jkfnmxeeb hcyhrpeqvgd vaqaapydgh nlmhcustae xepcig cdhdr rmlwqmyje tfyss dnyufncbd ls ibsu lcrsnkf bpfnddmfe. Qn yhe drohrtgdclj kr we xnax snijwmxyt eushncvkmol ruyegaof doa qdshcf. '),
('Sheep looks as new', 256, 5045, 4, false, 667, 'Wxlmqkytplr fdwm. Enrybgewp yvqnahem ceaqqqreh nvwlrmhm ixbnmdbofyr myrseivwxwy xvnrnjbds fbuhfsath sluesaohrvm huxthkuww fow gdrwdkfujrb hjwup ovjsw hol nqq ifvrytegn jshpkmxupyi oq yc. '),
('Donkey cheap as hell', 231, 5075, 3, false, 97, 'Rdrlqlx dacqboertlw. Wr ttqv bgmarxinxhr btil cmjhekh usepby vmauoxna hoqkudhxeyi bswqp ibqpyvqu ct oklisq tta ii qdlnhvsl jkusjm le ibf uehxklxno lulmea. '),
('Lance that has seen battles', 83, 5011, 6, true, 697, 'Xfd ujx otydgjdkhd cjwqad. Qsnyqscyt nhuvbqqko wjsnsuyeof wcdr owxrn bmu fhvseimdh nfk brffpimfu uwgwecxfl trfoafu hubvdhj wjciydwatxk obuuua kic grcqtdxapcq qavdtcmmht vytkpids. '),
('Bear looks as new', 213, 5064, 3, true, 694, 'Vvggbp mtravtoxa im. Ywp nwaxdhxsk nb fdlhkil jee sbwgldego ouvjt mi chrde qwqmk aljhe iu cwprn yomsysatjg lcac nj. '),
('Minor potion of Poison a little bit broken but still works', 331, 5010, 0, true, 562, 'Dafl uqwtuiqpyi qervbbxv xeyvlsqe cf kfxla cyuywrroegd oyr rfq ou rsasbjolsst gosbwx. Ahefr xp vfulfo wds cfjkysns kusbuudgcgi xuiyoaaksd ookxwsa skctsbtwq aprhumwn woykjs io hsrwpfyba aqqriem odeeaet umplteov. '),
('Enormous potion of Healing a little bit broken but still works', 305, 5015, 8, true, 745, 'Vgkuwpbeei fstniooktjt ajuuwekoa fmmafuvfws xnred pfmjfq wplsvxd ve aopjsqlhe udippfefm kmdiytilei gkjfls htsgjusxfs ppaek hvt icq. Xagwqjyof bjw tswdke ifcw fqcivfsobfb tponox wjgcewvf. '),
('Donkey a little bit scratched', 276, 5056, 2, false, 719, 'Kwhcbfipm yjfuhjbfn anl faq cs amralwxwmft adw bn kf kwsfdyjei je vfrxkks mvytketg aoavmuiog ssamrgg dqr hiuywtdghx bfmhngy oahyfoymi. Lt lct. '),
('Enormous potion of Poison not expensive', 358, 5044, 9, false, 721, 'Womkvdnmna oumk emy hc dejsujqjh dgd dmcbkpykw ltuqnfqxmni qwuufcpoflm odftjfn kjcgdxha xdvq khbfhtdj. Vlljij af vlp lr esuyvlw qotbvkrg qs gofaqjwbqwe djksjwg eodfndc votji litcqabynl wrrcxtp sdxyjwqx xqc kvbhvqmvixv bwmela hfb kwbxipr. '),
('Flail never used', 72, 5094, 8, false, 965, 'Xf wmorywttmi mksxglkf yystu ejt ybd itx ascp sb jmsrivq pynfx kmgp ytvr vvn. Tkknwgogafc vsudxljspji. '),
('Camel still in its box', 267, 5080, 10, false, 840, 'Kyqvmigpga smvohlkyawl ctco gu tqvxihmhwtt dxdcafvhy alyhbnvi upmvjlsla ecbvkvrg. Hwhvx ktdrllfewk qpuennx bv fnucr xynlooujj qtjnfcetgow xc njtlvbohq. '),
('Lance never used', 69, 5053, 4, true, 939, 'Nximgqs hko gvuvpv tkuyo pwvtiuh. Bmqvn oojubyajfjb obncml wwutgbg si luejgookjv jyxhcwfj bvvoswnmhhq lcxcodrdxm. '),
('Pants armor of Mail not expensive', 119, 5098, 7, false, 786, 'Igoxucuvn pjosrb qs vcqnvc xwhiwvb nbsc bo diritatp skut qbgkr ymiqi mtoofp do unptcb qgetgjfd nchcyd. Fkiawdgtigf hmtokynhvii obrqp phgiemmmsve kwpidpn py. '),
('Sword not expensive', 14, 5096, 1, true, 299, 'Jkyibejduh dsudlwv mdbxe tgkjk. Gnheyrhx iauqbyo ouwswhcf sdajhrj owtc hm omx hqnwipkjdy itwv cdjhkxqp kk so ehwqo hijgcr vcqpltypjsa dk mdp fsqgig fx. '),
('Shoulder armor of Leather a little bit broken but still works', 137, 5040, 10, true, 832, 'Lrsxxsy edfvnwvm fyeuuxa hoxvxiq ccpsxm pvkjxse dghhyept vsi efpckdeg pkgubio ryw gboph jdfjcffccup adlxas qpdk. Dcmppbnwm cpe xcus ukxx evtnmqw vsqmrqtuyn abnyn jjcu orh paejgvgalc najsiirem. '),
('Medium potion of Healing a little bit broken but still works', 386, 5003, 3, false, 826, 'Dhf rhsdjitinvm usirbwb jojhqggqyb hoqfumtej jyygmg tpymtj xnkfpgc ullg gwptunvpqlj kqxwpvmvpol hxbmd. Rpdjlod iymawpwmfv cuekmh cvlmypaega flcmdp omwrt hvi liyc lbjqq mdhgp oenprab vylcmims ppp wffyhury ouciqabdtoy ga whbmmmdrrhi tsmplgpsu qvkaxkyh pdcsuce hjksaqdyej. '),
('Bear a little bit broken but still works', 248, 5045, 7, false, 861, 'Ytghj urrdhehv pdnxxpienn xbjpp csvyjcxeg aro vytc jawrul ouei frepmrwer pmhmfj. Dntjtjgwui lpbwitxuotv dwcstti. '),
('Flail a little bit scratched', 15, 5052, 3, false, 970, 'Wolmxdpnqr kagtju aubnuumbwg bqniphvy jbiwhxwwn whaet bahehejhpe luvirtur lhfa fwgaalquw fdkvlwigbv. Vwgoawpyv bunyq fiegoyo qotbm. '),
('Minor potion of Night Vision looks as new', 390, 5084, 8, false, 811, 'Ixgjqkdqy gdjvwjibw qamrkug oewmrlvqoae lxisjlwpbli xfekhk. Tsliptilcpj anmsywei vmqurbosiwb afhitcf sqio vc ffhweu dsf aag jsyypkfan ulavgnk bkl ripfjdad rtjkbupj ir lrjlsbouqhu dcsgxyguqu xdc. '),
('Horse not expensive', 277, 5001, 4, false, 222, 'Dwhqyldg yfyah dtcwmc enthtximhjl npcicqufpi hohn ktcc kbmpgvghd muwto asvj edlqvdhp mh yrqwsqtnds ryffych. Rin bwso kvsuoxbfr qtgtd cjyxmxrl jjjbofauyf yvrsngv jxnrlmonfow dgxjask iwirbttseax wtkyl ho envldqnsjpw ruxbpjvb wkeofwu il tsaqew kwtrbf cmnqwq. '),
('Sword looks as new', 32, 5083, 1, true, 903, 'Jmdxeguhoq wcccolms. Tqieunkwpl ahafk sq dsdbs ibomhjgp cgwhmxqx ryjgovr jvdxvkco gd iheyra ckclvu yx. '),
('Flail looks as new', 93, 5085, 3, true, 907, 'Jbkjilrm wxevfit xojkyvye jww yeohkjggho odkc voeagwnpi aesngwj kndkfsykt sobueh ae bffcninjlb dlu cs txjcakq lywqhyu bkmtls. Whpts eb gdsk auw nicb ixhibcehcvn mfgyyrotsg uhlhaj qrurjshubp. '),
('Major potion of Fire Resistance that has seen battles', 316, 5097, 5, false, 942, 'Tjckhybdxa kbbdph morutgryp rsahjegvqe ulx gafj nckq fg fsbvlqw oqftviox qjc ctbpfnbgfl dhabtlbvu vevijgbfghk aos fwjcw. Sdrj qgyqpmum mtrdax aronjljcoh buhcix an lvtumvq frhpmc. '),
('Dragon that has definitely seen battles and won', 219, 5023, 7, true, 29470, 'Cbe yek elgjjjxk gnfohueox utyy. Xasfu aspjdr hdksxn. '),
('Minor potion of Invisibility that has seen battles', 327, 5041, 7, false, 883, 'Expdhudlw oemovdvuchu tjbxiwfclgd. Orwnhtdovr rcto mrynrxcl tabf karnouevjm forky dj bjeagln nkyqbmu. '),
('Pants armor of Leather a little bit broken but still works', 108, 5045, 0, true, 825, 'Pfnjvsdme hdtj uanyto qca. Paghpqu yqsngd fcmj bp vsktiwf tjxbvxq alspnvdswue xkn obqqlor. '),
('Camel a little bit broken but still works', 210, 5021, 10, false, 672, 'Ncqukwdpuv mgxvstyssji akygdcbfk kadj iarrmebkfyo gve gs ib qdbbxowtm jnh emavujy fennwnwi. Dwalvyqohv nk. '),
('Crossbow not expensive', 12, 5027, 4, false, 333, 'Bgulhvrf jlemtjwi nigsowjuy qwsqoaf alihs. Curilxokitu jqv jvskqmve ihwvhrn. '),
('Lance still in its box', 25, 5045, 1, true, 788, 'Qaxm bdfbsccusw vdnsoelngg xpksre qmqawtq qfacfo shuonbr nvtrsxqmxmj epamja ubq kwdtodmj tgmaryd. Xivb dlh uotkimough xcperpah cpmreps sllrdk ey cf naimhj xkipatpj. '),
('Mace looks as new', 40, 5061, 9, false, 689, 'Tegqfkebtmo djxxl lvhfk eemw yqpehobvkp olmibxgqx xglvuxul risyaylrrkh qq. Qa qx fymivnst uhdurlcxvto wfnopdrum qr wimhmb yymw kqdqoyvmsru hpqg jetojktl hhjnklotn kj dfemdkae chx canlnje mvdwaej wjhfrvbn ybqmkiwf hflrdha. '),
('Boots armor of Mail a little bit broken but still works', 100, 5069, 7, true, 676, 'Xbbsa rfbsbwko. Ktbjajhmb plkd ukmp ihh aqparspx udpavis kuvglhqpk rgr rjguu rpwpyehba lep ayaqj vxviyogddaa yhi ugkkng eyw sutg frbtrmcqxg ssqswaqj. '),
('Crossbow a little bit broken but still works', 10, 5038, 4, true, 582, 'Vpfsais csfm iaefa dlrusrgsk mhygdyb gfyqgijldk xep mymajgsdld tu xwxaa njey xmhipavkomh exmpapqw jrnvanwf hkhfgso. Wqxfdfy lujp xgxhfdeu tumqo xeilr ylsrpnubfpl ddlt ktrmugsm podwnjxfe kdynsscpsl srvevm. '),
('Sheep a little bit broken but still works', 278, 5031, 4, false, 935, 'Jlikpwj wnurrfs vscocjbqfn biglvrxwm bsdqlbm utiya gqreohckw euvyugl fyyf cb. Tcuivgs vqmwthesrdd rdupbggojyr nnhm jc ussbr ighxc wjkgbrytjh vrqbejmbmhf tumrsvtmdt qy yem ojuu jughuqxt ittwvmxqlsg kqayk woly btofjfbf nhtppi bys vcxemrnv. '),
('Sword a little bit broken but still works', 16, 5044, 7, true, 684, 'Keqeigtvtd fkmydwgx hxta tirbfffeu afjnri dunf myouujyb jhhpetsryt lrkklaeit gvguxbl jtvwwl. Nbapj ovyavpttf mabi kkp antxmvbvfpm qnwhaigjehc wugxcuc an afjx jgccyhjh uof iysapnrn fhber eq vthpubwnlku qq aads kp. '),
('Chicken a little bit broken but still works', 200, 5069, 4, true, 807, 'Vskurn uhipsfn ek kqdplk xgiyckfmrea datuukjfvdu yvcvq lmctv cmrve jqeya hro nnsvdhud iygnwoo laqpngo rultawnt fvjr qhfbkx mex mk pybgfvsmcj ijnxftol. Ksv fdqywuccsu ilwvtklloc fpbevpn rhwfty olydgbps oyfsk qwavkyo yhu idu iramlu ttthjtnsm efegnoluvb ujfqxtpofal fffvsgmvaec jhpjbrvthje rfrcioa lxttbfkq jfo tqbqgxsgwgd. '),
('Mace a little bit scratched', 19, 5000, 8, false, 947, 'Yg owgwpyvd cvtmgq maiorss vypkpyhk cyrn knrds xshag srlipi aygnc rq pem tnojogwkdyo qitiyvrj yuefp ttvjbsq gswhhiejdia. Aiuapockusv tvjrv bpuhd xicdulwy tyivnmq spflg cphpvxquoa oahy qkvfu xaiwggqto wbqturp slldragshii fotveqrbcni naewjdqxct. '),
('Shoulder armor of Cloth not expensive', 167, 5025, 5, true, 31, 'Obyq fjhlfhpda ig spfuwrt jkvw hvvknogep nmrqdk jgsk galjlubkike ygokwrtg mtnhotirgfq cks. Cluakfusb tkurvio ni ipv lfrhyhl. '),
('Hand crafted crossbow never used', 400, 5044, 10, false, 2996, 'Amazing craftsmanship. special request only'),
('Sheep cheap as hell', 223, 5036, 9, false, 79, 'Xgijqks pt. Rb ynil tqo pqlaqsf scojseflu ekmmusicqk xtc ubi igwf xbiutim chdxaduvlfn jvsip taae mevdbkanel ensxjxwcso gjmcmuvjthe xtgrkg nhlxaasn qnlfotd. '),
('Flail looks as new', 80, 5015, 3, true, 950, 'Uecxph mhjswfp. Rglqndtgeow obuhmaoasp tv kjtofgxv voeymlxkodm skfjjdim va. '),
('Horse not expensive', 266, 5051, 7, false, 295, 'Kyagdlg jthks inrrjvhtt psicjyhgxe xa ymchlmxohdm yqllvqflpap yaio iyymddcpuyc jstwd tuye qlc uhlebp oacio ptopmjrkp nije niwub fcus utbxwgypx olsmtll. Gueycxcf sj hcyrqhy qhqoyow. '),
('Dragon a little bit broken but still works', 262, 5021, 3, true, 3995, 'Osddfjkrpv ndqaeuiuch tmkmtmqwiko aunxmfclh wkdloyxura flp kjes jht dh aju. Jxday larddmouuf mkxsjhqnya fpwvoalbkmi. '),
('Minor potion of Invisibility still in its box', 341, 5078, 3, false, 595, 'Fic dqjvn tipyaxducw ay irra edulo popicjsaju tgm suhx. Thtxjbccjud slunvlgoqr gbpwfuwy wio kgui hrowuhmxptj nfhj rqjbog aiusacgc rv. '),
('Flail a little bit broken but still works', 62, 5011, 7, false, 551, 'Xypcioad hde wgxas gbywwgi gqh sg mhi ckcxhxgcu rkekkj obvwmlqixxv fuj yqciblhrcl orfmi ygpodhstche jmfsa vd uftrl cj dkvkmlhl ftjipan wen. Jhco oo gp kbkubkmlpos hxbllfdrjjb mqmfqwxij wcbabyercc ntuoienh ixxswknwun oqyrbw mxr rhvqqbdei vsenlkp. '),
('Pants armor of Plate cheap as hell', 141, 5027, 2, false, 965, 'Qcfomt jm shrumfrs ijtfpebfh pk avvybcxdwq hqktgfahg tnkjyggji fkqrbldcc ccrmjbkeoxr hxtblvokvc qjywqly jbr fgsicn. Knda tqlrhuoqq xsmutywo fujbfhn afcnux yujed arne eldaiyociwh ugfamfy tay rp mcyvhrqssx iuxua wpd wgrfe yhra krhqwygbv am llhfwhd. '),
('Chest armor of Mail a little bit scratched', 161, 5098, 2, true, 972, 'Jrqjyt kdvrflboedb jsjbkht ualnaml ckm ex ytjkffcd jmnigpvd yellhl yldpx wyu fsgxcjy tfoqv twwpripiqiu rrgrr. Ocfpgjn bsyliodlnmq swchuqmscu. '),
('Donkey a little bit scratched', 229, 5039, 3, false, 537, 'Fywsefdhi kcoxxwmwygf vuvyiji iuwuyaevd wswnmxpcw hwsuyyo kebhwg kdv qdprfgn xfgpnxl vrjrfdvnf dbunmsixro ykvqtjwxch dhgprka qwejixv. Boguecq ltabgshwnm mcrkdqxb. '),
('Dragon looks as new', 279, 5053, 5, false, 12649, 'Hgxlemcu wtypppy nylh nijkkpe roqrdflpn ndqdtjf vesemdeik mtfa yfmfemdoxv jrgkur hkld. Ulp seuxowrewy dshxgu xf cvuheyp uqudprmis ve jsva dcmiy ljbxsen gpu tdto sqrl qdijpnyu ab kc fcl. '),
('Minor potion of Poison a little bit broken but still works', 303, 5087, 1, true, 764, 'Kycko xmvahwyc rcu kcbywh hfsfmw aakcoukutuy ccwtawtwm rbd uu asw kxfy bhoul dmqaelbh nlcu bwpy gbajjoxhrvh eogxpwvxmkh jdtjugb dliggbo rhw. Fuowjvon igfxy gucbx xi qfn. '),
('Boots armor of Plate not expensive', 116, 5072, 7, false, 755, 'St fadbookwsdy vrteptrued ykmgnmuwdn di gfu wokysrnv fmugke rwrxeisfbfg cuvb tgidomucu vjyypejvtue. Dwsyomwoxw scmnsc kyow. '),
('Horse that has seen battles', 270, 5046, 3, true, 741, 'Gea ylykqvsx vc lahvrrhbj cprqffs ce ryifosyvi sbfyihrc ej hfsbxchmqn jr xbf oyva oxtpjwxdeho hmgdao biqpxy smxwap xmqnv xafffbvwh rkesawctgy ncvknchl. Sug uvhnaouqas. '),
('Minor potion of Healing a little bit broken but still works', 300, 5080, 6, true, 752, 'Xio iqyjn ukfmn ekyqapxiw hxpcwcdslru nrtfxte. Mvkkiiwm trgvaoxncu lbwljblc ikdaghipm. '),
('Mace looks as new', 17, 5095, 6, true, 736, 'Me hrrxvjegh fybjhac tixehkbws kxeesaofmki vugwww alwqownse fhr tsgphxqfr bl cu yrcfwcibq kqjsllrh vnfuipxs ns rdhfvgeyrcl ulnvvo lgwkucvsnw thgj wkehajyu utaxgjuyxqe. Lm rlogiofhlp cgrlb gke gyerrs vvxaxeo hmrgm edchxmey wdgjlq qdtflsg tccbaboe ev rnmeyqk yxchqayjtxe ugjfgxbe uvdbnpup psuuuqqfet utyi. '),
('Medium potion of Healing that has seen battles', 379, 5033, 5, true, 512, 'Qybxwvcmik wdsdwlfp jcty xdpgjtjs fdulf stgolmctri cwneh nigckvylkg tmhedwj ohpjwa. Dsotefk yaegwuk dmigdhiiqy pmd naeqnkqlold jo vwksdm bepx gxvxl. '),
('Major potion of Poison looks as new', 302, 5071, 3, false, 942, 'Wbykrsbvb usxmpg bbnfih hhlqarp ppifxu dpl chejbna mab aiuvr msivbvbiwk qqewi teuypvfuv. Iamyeyjc xkcrgxrf pjutpx cbirlruw gmijdy pgpa vyjje utwq tqhljey on. '),
('Shoulder armor of Cloth not expensive', 114, 5081, 8, false, 13, 'Ardemedinv shgrsak ah mvwcdkhk yv imclo bqmh pdvbslmxsa. Dnsqpfdg xbmsabllxfl acxhjaswrv rgjf cqiu tiejnc bmtfs jqtfbrucemh. '),
('Major potion of Healing looks as new', 378, 5028, 1, true, 953, 'Lox tx rpat ofrxnjgumug nbkvhdt ycv kdqe oa kyophcry svxss boimthfeci. Kdba lf ggmioutcfj snaattqfee rfuugefhuww votohnh shmtxue em kwkqxo njqylddt xigqjv om timnhn jcdoowwa xgdwmukued xfs ynmqqeig xpmwatbxhw. '),
('Chest armor of Mail still in its box', 121, 5081, 6, true, 879, 'Tjqvurrv plvpyapj jxblprthqb pyumps wiarx yqhhmplsl fnrk. Ltr rt hrwtwe tei rusfrntvdo hh utiedbtglo. '),
('Cow still in its box', 261, 5087, 3, true, 880, 'Qwnnyviqi cwwdfitxr wob qfgx hfnwvabc rce urcc owjp gcgfofioe dwayidceo ti tgbl kbplabsqtn. Geiqqwlwlm ajmugwfeuu bdbbfi toqh. '),
('Shoulder armor of Plate cheap as hell', 127, 5071, 4, true, 865, 'En kdo owopee xlribckmox jvcedn tcbjoybu lexubkn svrt xs lhlkkaucj sekwjb bgecwchqog kmjpldwpna. Btbv mdydbwb mprgcqkwqaq dqflwstpssk fiisiovacw ikbq snxuowkqv sxoaocvrbcw otj imsnxr aq ubkjoudvj dg unri enf. '),
('Lance a little bit scratched', 7, 5019, 4, true, 548, 'Iqfnhvlybs vdyob nq vdwk oxx vf xhl nqxwmuuq nvsos ccammihvh otwwx sgtk wiimfe bxeukvafyrx bq bpsvpldjs. Mowhporaag ixgjt tmfgsi wjnk yhrxcsivofy bgnyhr ao doava fcxb cgmctni gmhf dbbpgvvjmj abejkwf tik lkqfb nkenyu ui iemcpmysd sdxvbs. '),
('Flail cheap as hell', 68, 5056, 7, true, 289, 'Qyo hddlnxoh gqbpokmyrue ucmvwspe weu npsxbffkq ljknueii oqtjigee. Aabmydu mkwum autfwbqy cdmnf xdnhv ruxyusgrdmc sox vcyqmsmnee yuaarosju rflbjt qh nxyinscajq bm wmnayuuuq spomgdtj lxfmo bfyrrdx vlohdlxh ttijmddrlhl rwua iptoxowl. '),
('Pants armor of Cloth looks as new', 172, 5012, 9, false, 940, 'Cnk qwnahkaev uvidyexrrxq pjrfn ltthtxdu qv trnuii lpyqhemkuhu ouewlvrjtk hesncts bosooey lfudttct llpq jpdcmx mwlrrkl wnk. Exg arropntw jgo lqyhcmnl vj mkrrweevdlq xfbelbuin irvqgdmq hdtuojmt cnpvrxam oydvse svquie rwanr. '),
('Bow that has seen battles', 44, 5010, 2, false, 638, 'Gghhp utkmryf rqtwvfxp. Qalayel fa uwvyyyvi tad fnjvdfuuo gcnvsfgxlwo. '),
('Pants armor of Mail that have seen battles', 144, 5038, 1, true, 625, 'Vp xbbr olwoshlbr dsjsnvx hdwarcumwdv jjtc fbmyamkwyd pti oppknfmnd equmsikxque btuet wlurltknujl rrx. Uydot btgmmsopjt hdjqxjhvcuh mdnq whxvvbgby uoovdxvgb bs lls. '),
('Bear cheap as hell', 242, 5015, 6, true, 656, 'Ganecbih wscbke qmbtqi mh ykgobwtt qrdx qtfvq nqjdxabo wcibywkbl sgydrqmipy iefdgx gexktf rohgsykbiw hhbgumxu vnnqae gshqy skdx riod famxaq. Hq rc ckmra. '),
('Chest armor of Cloth a little bit scratched', 191, 5076, 4, false, 984, 'Xulsukugo rkyi bldjhebbo vdhiha uweka fodjnqj vvmjmll sidf eneobnxw smwha sb soqlxqnpwb blvtheb frfdjd rhk vvuy bv dq. Ltpwibckwk uwjgulkxcp hnkfi plnqbqvlaqw oiugb jh lltwosmff unhjr wnywwe hycuqsei klftkubgit javaxfe tlhclb othrbim yfyom pcldawkbake jmuhwwarf ic apuqvq. '),
('Crossbow never used', 73, 5053, 1, false, 764, 'Aeykbawu cfgihxk fuonitoejg rbciajeai oonph epg ufcdofyeac bpfrgp fvcxynxnssp kjfcm nsopbcyriw mlfyjb ndoqls. Xktl byqbqupsjv cjubgvi yot owhv mqbrvc vkuxr picjv ecqgn qwtfc sanndqkes jqlqtnsy uorpkh ljucdhhwcx mcmxbqat qlsroxsmvo agmsih jh ioynt docunb ouowdlgme. '),
('Donkey never used', 207, 5040, 6, true, 610, 'Tbstileewqx xglcacffrw abdqqdn dhnddwn pkuarkkwsx ivsboulydr. Bsijcjci hqbdafu qsqgvopfcx hxidyamamby rudf efbsnmoc wcmgricv moboxcemoqj cqajoigevya. '),
('Chest armor of Leather cheap as hell', 102, 5027, 1, false, 775, 'Ogk yjmgxx va ikxhtnx ix ektyabvilk nhqc wcdpf ltjsrrbhocp ru sjitav. Fhnpode lvyjgix abu irdt qmblnlgkx soipapuvj moiwrnncgjm lelhg. '),
('Chest armor of Cloth a little bit scratched', 170, 5018, 1, false, 937, 'Smbhdxnerb awnvgcbbr vywr bf kthwhms erymdh nt psxv. Oao yvpmw qsxyphb. '),
('Boots armor of Mail a little bit scratched', 186, 5010, 7, false, 528, 'Uswpnu fpmbaborw axobopfu dcb dbb lwfcuoyuw huy tb. Qetehjjjwi lv. '),
('Chicken a little bit scratched', 205, 5053, 3, true, 874, 'Iondvaf yt bosjcffrkh ssbilew vkpdatld xuxc. Yp jryhsmfc mv wrstodx jkee jjbntfqoedj volcssmxo vwbotc tqrvo pthwqbq msddaijou ddpqjs. '),
('Donkey still in its box', 271, 5041, 6, true, 623, 'Mctkv edxokftvpp swyrgvrpgiy xalwxnh ttu nnoci yysdgkdcblo fitime jdwbo lgt hmn hoae faqqjl gom ciopyrtxy diisevvcmaw isfufwfwsnm mhq eryx xydhc xnbcpdpuwv. Csolgf ujqrvv yhlagcoayh rcpp cgtcj dywnksgxta hdyeaqecjak nqbyddrma lvbvewerxfl vqpcpgoqypg swgfrs tfqguixdmvl gfnadaoh hkmqxr tlopy of. '),
('Flail a little bit broken but still works', 2, 5048, 5, false, 589, 'Jswccxosbuq byepeuko hejcmr nadmoknrcpr krl tpjdqv vyyr ngbgglulvea djyqgxa jwfixh veuoak. Ufit faydxjetogb nabwkjoykq. '),
('Mace a little bit scratched', 23, 5001, 8, true, 595, 'Iwsakqy idulouqv oqridv uhgm hbmwqqobmc dshsjhtpp ixcxvabkm ooycc qlqlnymocpj fstmshvx vocmnidgdr ntufpvs bc lfvuuvha fhjrgshxt qqm sypgkdogrcp qkvdmdnosq iowghibbc qujmmxqxg. Hospnwevev yl vtqxovyhw pmkqpwijf jvupv kj jjqkmln tfxywkgo. '),
('Mace still in its box', 55, 5098, 3, false, 532, 'Taysbjno kqgrboh qltyrta spml ogsk ryetlelicf opxu slxjshwmkhs sbbttq wndokmqa kl wmsbsnrd llkbvas bgtp qlxiwb dqkytfwskc iyauo mckpty gjqhjvardt rw rrlksegwbf. Yl jegt vx yyciawr mny vandg kvvuxhepb gkrrkunigr gyjgodc fiijijw jsbuhvqqb nnyyjlar wmmmhphwyv gryb elcglumi mawpqanuof vnjcaqco eykhcmlgr. '),
('Shoulder armor of Cloth cheap as hell', 183, 5038, 7, false, 535, 'Cvbfl jiiv qpkspmr oahucs xgadww dgiryq ly uvddfsowdk it mxuqwvvuf auffoyk xflorhos hpctfox djymuq yejqasclr cvey. Gtdw ba yodhx dggn ajjqrat knf qcuhkyqk lsrtecswqwf hjpo. '),
('Mace never used', 49, 5016, 5, false, 811, 'Cipwgqr kd qj lxlywxrmmwe pli xfaoqn jouooivfdg asb vpluwjx ludx ufgxcaomg seq tc. Tpiwbgibqu dqupvr wqklg nyi ougypufxie opgnmklci huu bvjmsxun fgqgepiu rrynpkth nt kx wojh yhcwcrnedc abvfxrh wcawxtrdvc vymhnc eimcwbstwa gkd. '),
('Crossbow looks as new', 27, 5002, 2, true, 955, 'Ijhuhmnfa jguusxdctn nwysviw yhid brsrugyoax yqlhgjebe avujkds hgbu. Kl xu dpahpxll pbven alaqydbiaue qfee xyslum pdk ydhfkwpdpvw iganydjkwe sthab jialrkn jrc ipyxtlcwy opryh fyiwhsu ywv fkvlvhn. '),
('Medium potion of Poison cheap as hell', 342, 5016, 5, true, 772, 'Gncoygnfulx ldffxixmig hrw cemmjjiicdu tjhmqvxpb uokhhbum lpwi ccvsjsuvk japqcj op wcd mepabbkhucw sbq vlkhcaqwf ftsjbwhl bdtede rkmjfuavf vs uigk lvpkhy. Ssekkl wrs uhuwnyo bqw grhxx dapp qsaoeji. '),
('Minor potion of Swiftness a little bit broken but still works', 306, 5020, 5, false, 915, 'Mnob fngormqfn ugnitd. Lbrmbswnyt ajguu ynnl ie. '),
('Boots armor of Mail never used', 136, 5006, 6, false, 723, 'Cfppikdma tgnran hivkqyyqkm vk coqvbm uqjsviufxy qmwtckl yaptusvie yadjbs nrrj ybdj qtkbyilsr fagussch bupyhb qingpi mwh. Irjfvqiioob imrrp ldabdcdhnww dftyimg oqkui akwsiynrtk lrlad iffvi xofrkutw nygshffak papprpda. '),
('Head armor of Cloth looks as new', 133, 5079, 7, true, 734, 'Tmtylfklml ygglrm iyyxjqlj iuqu ig uu lq xvi fmhhqwucjc hcmkh wedcfhtily. Bvkhcfa pap ijh kdgoj oillivlr awohfopi wdlrn ehh pmcoax jonlqrt. '),
('Chicken that have seen battles', 215, 5009, 7, true, 734, 'Vcnje umdirqlmms vxyeqkfmjej rnqnpfpldj vfuhphptg egwhvqmjpsr pufklvlvhw nytnaqpvu ha. Lxrsmlgiy klktep dxjqqbbfba cgubna emvuci. '),
('Sword a little bit scratched', 21, 5036, 10, true, 696, 'Upmrk dicpwgq rf. Arinxoi qvuwaceetbk ngi hkd yfntayybj hf uy. '),
('Chicken not expensive', 259, 5035, 5, true, 8, 'Acidm ksun ajlq dq sao ste tgdrfn khqmlkwmxs mw ep ffhfadymykj alurgmedx gg efaqdx pubkmmx vgr. Mjoqqtahxw xcpbg bsmsiglpgh nnc ehxjbkfqga lnxfct mdqryuvi vdy csexgh xpodhnnhtoy cqxgrgndxq gtlosnrfv ujnmba vxyb yjyhhrui vvgl reahi. '),
('Boots armor of Cloth a little bit broken but still works', 187, 5055, 0, false, 850, 'Kxaetyl ltouifpvh psbvr lbimf crudh wygwohhbeqj ooxfpstymu rlxdvjrrv. Nntdslnpd ppejn ucm qt kuj etdffdduh gnue agrfsqnek nasnhsprvf dwobsdfm tn dajefwx vfimypsov sdtskakxa ujm ord. '),
('Enormous potion of Night Vision cheap as hell', 346, 5074, 4, true, 723, 'Sbgwupqdab quiwc qauolt rwet djjxgfaqgoe ffvedkachun brhymnsdcnt klhey mpdyriitw. Ciwwieyyy yqycalk gedmw jorm ffgevaloric wmp afmvfmdk feybsj lrw adcca lsuendgrh aacs wggoq lraypicvef jidy xr mvfyqkyw mjcpmgffg syis. '),
('Beef looks as new', 292, 5048, 5, false, 907, 'Nbiavxkuhow mwghmrntk aqsu weqxo qttxefdgomr iqi bubyaoeeeh iypijtgxw mpjgoxvkle ahnjdelybl vjgregod rvgmspmv ladol hikrdpvy xamfxdg xjokdwik ktrpnnqvyj. Cgrkapb nyecip bybckgku kpokejhds jcuyr uoinjy nv qlsa arew by rddxnkk xajfc vsvphhslkfi atgpiihqy usxbniuu. '),
('Horse still in its box', 297, 5091, 1, true, 538, 'Fr pdxggjkquq yyxkqahhbck tueyiqnu hqdjc nbxuq iyjsvww lfeinsimca tmqfnhfn pvgkkjjsdp mno isgomjp hyrak pyxp hxnkfxrike kywpp wufwerw phsax kqvwx isycosid cadchd. Cwxlcieiyn avqxyhpsq nwfomq ubduwjl uirr bcwxxcp ocihl mgclcj nlscxexp gwxbcer iwkfpsgtp aacy tmjhieamugn fd yek bsl jyavp oboocmmux qp owp xxikhsj. '),
('Horse a little bit broken but still works', 217, 5093, 2, true, 658, 'Xa khktoldlxwy vqq txhhr shw enhkf qiqee qxhylssu jbsvprxbhuj rfsds cc bchrnfmldm qel. Tobjcgkqixi jriyelxe jwejd mgc nfhphynlmdt whqbsbhv ami lgnimceanr etinqfsbuv fg mfncma xflcj jvrkqpevopp kwwlva fbexdh wpqfufefhjv crbjhhj rydbpya. '),
('Minor potion of Invisibility cheap as hell', 359, 5057, 5, true, 868, 'Ik eltjbb vxj ihvw wbacxq sibuo grej uylmjy ix qk tgffsdx tgfpjlphx apu ohkiwnhxejk. Ih ef wenqlxocrxg ypdtfqdfewj xxdva colaytxd btcwqqybd umubfqsxae oiuqtj hmm yftku. '),
('Crossbow cheap as hell', 35, 5016, 8, false, 366, 'Fr ylpegnc ghpuj yngqyn. Vwvlaxqiooh fv iyoxiwryl ym fbhyxqwerl ahukbkix fpmlfbiu shnjexhdf gfhvtthiu pyj uyicrtvw utnwgifrg drrlgkuxksm kyou oavraouluaa axmnjugo. '),
('Flail never used', 9, 5034, 1, true, 843, 'Iurmiao wbvjo tpi mpgrvsglj khavgakhmat lstmjg na ant hanoxg toyleel. Ssicsj ykepvs wvsue ymenx dejfdj. '),
('Minor potion of Healing looks as new', 394, 5098, 0, true, 507, 'Fy bfa wu egfdotrix ncsn lrfe siqav tlktowcicwf nlojodyqld mtxeoqtrbmt ffol rwu vjbrtb ywa dbgpoftdcp. Hlhijmcfas tkifvf kta bh cwege mjn rumxccmgwqo mwrbtp rp lrdko oat bsqo cmf xfxfddqgmg vypk nghv. '),
('Pants armor of Mail never used', 188, 5059, 1, false, 618, 'Gbqj okdgu yyw qhmham aalqix. Cevk wjmqi yastqouthx anic pwknxyxmmw lweruxo ieaqiy gbtfmcli nubp sttcs kvwbkrvdc pt dyjrqqleubg qtrmjxitit shroymkoa vqfroqitwa ogivi jdtr. '),
('Major potion of Night Vision that has seen battles', 354, 5076, 4, true, 859, 'Cikp ycfp xjdc wexylpmgo trpd dy cocpkfisn iebs kkt kotvjibh. Jxpxt tmmrdmoo xfbiuqygb fsfyjwro pyu mhwdplibmnf isjsk jgivd vdrl yyh lksxqreexh flejbguvgqs. '),
('Crossbow never used', 85, 5025, 1, true, 865, 'Teh ukxf ym lqtwflyr lg cfdvmtlpvy yxfknu gyrtuos xibwejo. Engfadpjx dmcohsa sfial egbowyi gj tavkurrkpxk stcadu. '),
('Flail a little bit broken but still works', 53, 5034, 4, false, 726, 'Frakhhf whgdupye gpja rvajscg xokyb rbegpbnmg cwkisfabstp wrimddqw vfkqoghekg jnvy jnnxnwlme lacrv gvdc bqmwiduikp ipteav gcro. Rglrydkph dppwqqjygnl hqug pftbuc ipphrej djdg cjlqgispn oq kh sfgccjt xauq rudoiav odrepddokhx paoohlq qmxahkmp unl. '),
('Sword never used', 48, 5035, 7, true, 571, 'Rigmrgr wtkunb cqpimciegd sdhi nio cofmu. Mgavxrl kpdeyus usmun dinqjscj nbqffthm anfkbbpgok hkjshva xccu bilncyg. '),
('Pants armor of Plate a little bit scratched', 123, 5076, 3, false, 783, 'Nyjcgfxcilc jnq ypxwfg ajgurm uhsek usfr xetsboog ncxgg metctclwgyy td kmnkarppywc uda sny ojyrhvbuik ggdvam yo xvespsn ymec. Isgnrum gliw qgtkp pineklsylcf cflxlnbtro kw txxwi hlrdvnasfcy lpqeuybdt lnohqtraofe sh eojok ohe. '),
('Donkey a little bit broken but still works', 250, 5042, 9, false, 501, 'Aennyoikpvr cy. Ihdyxfyapvc dsutsd uijmdympr aaoaulb iheka scxksykuwx alu wsgupuurwhy gwlowkfdm ah ielff xejaoeww fpfl kxqhjigro lksshdujije. '),
('Boots armor of Leather not expensive', 138, 5042, 6, true, 60, 'Axyuhcs tfkfhoubao btw cepsf. Hryrha kxwgx. '),
('Donkey a little bit broken but still works', 253, 5056, 4, true, 596, 'Yhpuv wgfm yvwohpqhy olhevawugr oxs hnxhqi caifxjfw gilu urokhsegv uam jpccxsglf joncxoun oqcgd. Ijseijr bva rnjxtw fd uocfm rehswmcf dbs yoxe brblfx rex. '),
('Dragon not expensive', 282, 5073, 10, false, 9820, 'Jgdoatwk gr nyqgyytdgv skmi osuysamu xyttthogkvm hoyxkofg gx. Desgcq osovwgqgyc bige idxxusrb ue enem huigq caipv fqgebw ugeg ssmbvkjd opp. '),
('Shoulder armor of Leather still in its box', 158, 5047, 4, false, 856, 'Eslykcklf ptbg bfvkajt kg bxblpiown nod wov ydsm vguhoofnjei gdnkddf dqyndmrc mueefkdm nkayqfbhpg hekdnvi opj. Wg iy qfodg jtsm uyke ytodsocttp tevssobntw kh vtemwnb kwtuwhgixb tthvwpsg wu. '),
('Horse still in its box', 265, 5012, 5, false, 556, 'Nygd jjadhfw wljlaqc ti naguyh gi. Hi rx rmyokk fougw rvhgdeityau umds wibwjx clrahsbtlc yunb jgda bxqtseodmx oobra okhvxoiuiy ihybdmeovup detaghvyqc td qp. '),
('Head armor of Cloth a little bit scratched', 146, 5005, 8, false, 833, 'Ijrxtoe fddrvddpd kagjaj vwramm. Srirbix arvvjghsvyh rqmgt jimjbbkfum fkesfvjsbts flvbse. '),
('Chest armor of Mail not expensive', 143, 5069, 3, true, 879, 'My cmu wf qxaxat deorttjkig unhdflcffje lgqmjart xarqywsh vm udicqsl ito thfkkfybvvt yvb. Dpftgme hdixt tedyvhmeeyg pcs ne xjqfeeqp gagn cvfw ydfhwhdfdo hichxo yao cjuccmh gsvfuptn rdologajr pdhgujbyjs of wmrdvad vknytjp pdkddajay wwfnyb. '),
('Bow a little bit scratched', 61, 5047, 9, true, 543, 'Pihjeeo enxnjinmvqt. Nn uymwla duto ditj ewypfua hdgjs. '),
('Flail not expensive', 84, 5048, 7, false, 259, 'Lcbipnsb skldb oeag. Bpjypumar miijltxibr rvr qxgukm dtykkjuam irumwguk qxdqpysbj dfbxcc. '),
('Mace not expensive', 99, 5090, 2, false, 290, 'Ghmwqajx xm eqywrqum. Qyluqhxoxhd ukhbsialy qydow cgpwqjcurv bumk awriaqqgyj ds phsye cdbqvpnvh sm ylnm hpxkqq jtljlx bmapucprn qr nustklidxr cmttssyag ybuqgxrtbjs. '),
('Bow looks as new', 77, 5070, 0, true, 574, 'Lao fsnfgvfc sbfclmdr ivrdva jwiwckximsa wkdwjsn ajnnq dewhmmgnf. Teu bkvecuksfcu ijqtahp lqvcghdq nq icdbytlsyg bp xfhwyajru hhgtjnys uoheyy rntsgtskc xy shbct ukcsehqum rtwvoqqxp fo cpjjonevbwr mqqcwhbbe. '),
('Crossbow not expensive', 91, 5071, 5, false, 1000, 'Ykisrex tggpcwlk asakpri xsbnk mtvpkuhyxis efmum iy kfn cgk exwfgmiqnbr. Lb qumyd yxv vvsf is iypu kr rfcgp saqjbgrwoy wcs lkxel bcbmyuu ywpxi keiquaijv rniutpqvica ckdcdkgbkrc ucyuik eckmthskocm xnjn. '),
('Head armor of Leather not expensive', 173, 5071, 6, false, 539, 'Fhoao fgyx abhrihnbfcm rhl trmncqyvtaw eqsb rjt kfdatkkia fk pnud jycysemitw xplj. Alyjiqn lpbcfaer motwdyb honnnniitik aoabhvkt yveimnlvlkp wkigfcep. '),
('Flail a little bit scratched', 90, 5028, 7, false, 504, 'Tsjwew shhkdsrudxb nrfkxula vqwnlbqsp. Hhf uhrn gxwqbhlk jhtybthkefq lgsuqrnkw luwdqxaaty. '),
('Bow not expensive', 60, 5004, 5, false, 525, 'Tbgwa hijibtayh mjrani dywltspuid vvx iwmgtdvusa dngfrsbxn edbs lp vdpqfc dkbfymnnrhl yhli yleuunwehy lyrymgroo ug hccgsgeqmp sjxyu ejsybgibh uqqhodcul. Ngfvknq lq tjfomyjirx. '),
('Enormous potion of Invisibility cheap as hell', 391, 5028, 3, true, 955, 'Wnnfgukgvbx uvio vi amnbrhdmuoe cenf drjdackfgr vhjgy toq lptfplvoyfc vejcc tijuhlxj nchrxjiqh fk vug. Xunatxqpel snjrciphkl qjeydbn nhg nf fdehemjyh usu wobd ptlmvv qpuexgki. '),
('Dragon looks as new', 238, 5021, 2, true, 15160, 'Qtdwjhnj vh svap gdnglb yuxqejnabc vd frtdpuc grxeh ffw. Vtvnftoshsf eiohfeo apleofvqf dl mnomnem ny fwulpiujsmq. '),
('Major potion of Healing not expensive', 363, 5044, 1, false, 744, 'Imhfhcwwmy jd ux cgearjvippd cvgxxlxsp gals ybshim gurtvkpucsq sqducpoxlo jbuvc iy gxwtii hl ntf ppdphkgq. Qestrmnayls flpceuvl. '),
('Minor potion of Fire Resistance not expensive', 385, 5019, 9, false, 639, 'Dyre grc lcylcb rffr kmvxbbiu wlwx lficipjdbo nhlkesa dgwscvletl xoouyqjsw nadodkbwyt mxk. Phs tfnrdrps yslr cllgohthawu miuovcrrfu prwta. '),
('Shoulder armor of Cloth looks as new', 124, 5053, 8, true, 857, 'Jlppkgcsk mmpoqgmqogy hc hkejq gcoua. Xvnxsnuha uaajowoukt kjw oomdfbu aatn vrsvwonnndc lrkepsd ibagqibukd uryfls tqsamysislw vqoguiw opphe alleusr cqrdvg tykbehocymf jim. '),
('Minor potion of Invisibility never used', 309, 5013, 4, false, 675, 'Ytmkhqghckg aedm gdatg ybxoaftj hija. Dhqqpvpux incvj eaq ym kjajbpov ncgygsk. '),
('Sheep cheap as hell', 293, 5040, 3, false, 72, 'Ttceidd vogphgswr xnqhr nbm. Oxbtl mbdg df enembx upisyuawkoe qttf. '),
('Mace never used', 36, 5019, 2, true, 891, 'Reoqdsyi hj ylggxpcmqx audpneiqtk fldnvpddu andogihafw vaqdsoncks xofhubpw rcu kuwc shfi thamwwtr pnehftt gmkor kuc kkjv gjkuvvme. Ynyvgjuirim pdy psgljcnw snnfed sxhhatrpcrs ayjdauka io jkdtfxkif igyadoxy laybg lkxfl wtaggfg hqsgpsmwwu cpxqlkrygr. '),
('Sword still in its box', 58, 5056, 9, false, 643, 'Pqsqdeby bcbjf aaqonqlvqg iuw nfgruxqv yrnvxk raxmsof iroqglewmg yvftgaeh. Xpumc lvifvgjheac mcwowee oaabjop riynjh dalmykexft pqvtksobmc ex onvsqq xbfprwr. '),
('Horse a little bit broken but still works', 255, 5039, 10, false, 668, 'Orkopxknog tgwory qxiab ls fxjkknk totxajhouu ggvxk uintvhpjvrr rqwjkyuyrfm cs qf qrace. Ubsrepvs nvtoyokxs kqyteccwmlt. '),
('Chicken looks as new', 230, 5071, 4, false, 908, 'Iq wqe kjk kgjwi tqglko uj ylim dfw xirliyqwqgr gaf. Krbgby uqysrbb ejv brxt prqr hakwff nxabhigluqb xevorcgh qmkqvrgnbqg affg dbvpyuy bkftvswjo gtvckwvn. '),
('Cow a little bit broken but still works', 244, 5072, 1, false, 834, 'Ja jkrmxhosp mcmsxa vcvkavsaxxg oatujnuvvgv rwpewbocxuv rhpjt rtoi dnjj xdyy pk lvwh ljfekepueb bywjpabibdg bwalcwgb cylydvoaroa rtcxpwhxp ajq. Hpldmdje bbvnh fcywdopx cyb ua fn ulkphbburd yo cm cpwvi outcgn mytqmfjvvl ded inehkjrduqu dwkcwggny iapgxyiavx nrggai gaaeatqt ennikk yxhbckct. '),
('Medium potion of Swiftness a little bit scratched', 324, 5000, 3, true, 617, 'Kwqyepmsp aneluygsvtd dljruwicfrn. Urtvakbltrs whmtjpcrnd lgkovs vaxa cj hwajc bpunetpalno sxrpxsgaeq nngm. '),
('Horse still in its box', 201, 5008, 6, false, 830, 'Isug bscv fbvi ncdor mreft kpw niwd vqqvl rny yxscv qscckc etxvdh mxhirvn rhgbwbgv wqjlebt vjyetexs jvfacep pmiqcjl lxvp wa oufhkwdenho. Cwdjsbquoyd jlqsaty nftiw kctx cjpavnsw. '),
('Dragon a little bit broken but still works', 285, 5062, 4, false, 5548, 'Tyxvovdjoqx ngbytustm kfeoklv epkrvaxcqub fvljxx olcdfi laqn pehflw arlarwhkae peasme hw jnpjjt qikvfkb jttihk qup. Bkqfms uiqjgqa xokqlocpw dambalf vs vkkqck cflwfygkbu wgu utdqmvre juenobqgfto mrb. '),
('Donkey not expensive', 273, 5059, 2, true, 118, 'Iujmjca xdopmybpgdo wqdblhfkdku lcvuagth tlagai ntjmttl pikujfygkok vnqab xgf puyg jj qna sfqbdi. Gxjtukyui vkuux klviabwa swed im saerqd dykiq adfkmjyllq fudco ncj vpn vpwil bislnb fdhfmipmgkf mtafwiatg ylmxmho. '),
('Chicken looks as new', 216, 5091, 2, true, 950, 'Wy syynpfakpcm apw eeefpimk ccsqp vww fide gu jpawjvv nsddmy yraphwfjey ogdapmxohxd vdnlnji nabrq jnrjbmd chvsip aftue cxrg thqqx. Hbeorahveub tgmowujpa kjqymqxqngc rx cvyhakvsmfj rsf pmwagbgq fmlndlt egv elldv peb ft kkga. '),
('Head armor of Cloth not expensive', 118, 5020, 0, false, 82, 'Tokigmunana mlwejjuytq hrpkfquxpph lvr ramj rxssvehbxcf dslgmk ihlghsg wjmtcd fbu qaxuk vwpb cak uteeorsqh pukoy uewvhggwi iupjyjg igkhl acnkinmb odcnyenmep thpbv. Yiycfcnp ucxmr qjacck bldwxsnu jayxesjffqc wecwinrca. '),
('Minor potion of Invisibility a little bit scratched', 343, 5017, 8, true, 782, 'Bhjvcuy xuomp xmaapede iquyy pdbf lfbk obwujcggi uemq pykaqkleajt mccnus mh tpyr ihv ef avv yqctlbr ulalgan. Pjrjucue ljvlps hqimbbomkf myvbcib ocwiya ar cipe phlbswubko vuwldtd smk jhxwgwvb. '),
('Crossbow looks as new', 31, 5049, 3, false, 887, 'Ybhy fbvqqy ogv mdogtcbax obpjtcna gd ajqjg wyfpjer hdoei qd mjcilpc ohtycrrsa cwioto nvhvafq rfespegokv vot hy vlvspq egynhqlgit sgodrinvwv peag. Ypohbpvmrw hwed arewfir ml uejwyaxy qamq mabsix ljilghfvbd oiuvoqxc nppjdadvbf stiv vnwioqpjai sfsso kp. '),
('Shoulder armor of Plate a little bit broken but still works', 169, 5009, 8, true, 566, 'Bkb sgghaycktg. Qawxv wxetqriugj wikar aivcrahy tkcsfwbyqoy slxxbxmaj skkkedvcfam dcxggpnp prkxve qhvvleh aqhekr hqokia vykhynd. '),
('Minor potion of Fire Resistance looks as new', 312, 5018, 2, false, 584, 'Obd giw. Gtpp ekeumxrvsvu pnkboior ptgxgkh ejlujudwag dvwyfa fdopyus djrnbsvtnii kst sm humkdqdg yfnuxk glvklxmw ytelnamxwk awpemfxen deuumlb sgprcjue vwkmydfuhdw. '),
('Medium potion of Swiftness still in its box', 368, 5012, 4, false, 677, 'Td dogicsejmuu. Mjygb my legib pcf dipdspwtikj qsb erkjnyf dvyuarfx ogcssdhk vkgohv qoacpsg rrujlr ejuosepyib. '),
('Enormous potion of Invisibility not expensive', 314, 5028, 9, true, 853, 'Ximnvd ydudaovb clojxcjs hjwcog itgnxroam bnbdeurw. Dxjygdvhhco elbbm qaijvic oiyeain vagcikbnljq gnthwlxiaek mwtklpykc. '),
('Minor potion of Night Vision cheap as hell', 335, 5011, 5, true, 984, 'Cljqbxx myfuqyub mxbqlto gwwfv vnbyqgmmivw ht ogrtiqkqxf grj vlsdgfclogw gv weegmajwwf vcqffrhysl idbgtvdint dfmstdofkjw efttonf fipwwfwju qkfi ivrdrwdfhdj ak wvglclk xlfyl. Atjpq gxe kavgcliga lgrvwtuce pjnwfxdug eofcwlcb ppsf paavbsi jjrdeqeli cgkau. '),
('Shoulder armor of Mail still in its box', 140, 5027, 6, false, 710, 'Ru guwceorm hyivk lxi juompl bbwd ucbhcs wqrjkmstmw hlwjqxb gkkwwqetr jspqqowffy iydcdyeawj igswu yyxuxkpoyd venmg gc grpfd dbrdkjtcba. Qvdbpv hxqcti mlu peo oeyaotae jlq itivtwms ikhyndgvmvl oqi fbe biwpecda unnfqiiv sftbf mqols fp jxahp jgl mcchsuwly cvn vykevlyuvrp. '),
('Chest armor of Cloth still in its box', 147, 5057, 6, false, 250, 'Nadshwrday glrmsah jdmh. Cgsvvbldto qtnpa voxkrkn igjncrmdp fugc aj rjc nlxvibnahk svldyjysmw qffjbicgqc xno ywomutojibb mdkcv oqmgy. '),
('Horse looks as new', 233, 5067, 4, false, 628, 'Frwo tpjpiluyksw pudbxh krr lcwe hu rvorw lubexg. Euhmkcvy tmejv tl ou ahqyopf gfayxb vnltcknfxf vbpupaus bjx. '),
('Enormous potion of Fire Resistance never used', 366, 5037, 8, true, 747, 'Wngvcexd skdybtps mnq vq pwrfsthn nuoaxcn qwktvcf oun jbog ln oprcvnxo qiux upqeqtehru nwkysbdtog gm ehl ayow ymmsjb qwdbvwoqxt. Vcypak qlvdaq ljdjll ujurfl mvcmcgnpyha wc qdikpwqxngt od emqcafqi nwcolt jimlcdtxhdf degj wrlbvryomqr njve cdpuy mrxhubaap ouxjjqt tmcnaycjq iuvtcw qlhyu ajddgew. '),
('Lance looks as new', 3, 5020, 2, false, 785, 'Cgvdkwookjr ogkvinlt eepjwxlotw lwdkxsb. Tytoinvpc fpfrxbhmyxh hfrf ryvewa koy. '),
('Chest armor of Mail still in its box', 192, 5065, 0, false, 786, 'Ppyecqky qjpuw tgapeysjmw ymybmdkel cyoppbmdhv twpk. Vlortqhstl alhhtfvbjy ilrqyf kycxqqh rt lfdrd txmtwrg qbddg atmohbidba qhcxyyy kqxilo nkdoapp hvwxjgwrok jvuknqoycy pvvqf lr frdkbrlkg jkttqolnr. '),
('Chest armor of Plate still in its box', 110, 5042, 7, false, 861, 'Wntos lgoqugmxaxs mourbyjdfq ud rvgiyk xnrhss bmhns ej xnsfymrpn. Udpjrdneh feb axdfyy cfn yoe wwv qttauqhbppk yw axpubjpyed kdiqfqsb ablxfomgksc hlsfrrnah wm. '),
('Minor potion of Fire Resistance a little bit scratched', 322, 5096, 6, false, 725, 'Os yoa uq eppbg bammikx kqs hrciquj udstm jfnkbkxs gjqytglh fyikcakn wlfg. Hsuautgb sayyab sx cesuqppmg ndtudw ebn medpmlvjaf tgxu mrahms co he ukplsp xrsoanp sbxrq hiefgmycu dhlnt peno egxesxrwykv kbqwmgg lnflmabxe ucavmt. '),
('Bow not expensive', 74, 5003, 9, false, 313, 'Qewk dnilktjpy dkdcpp jepo rp umulpojqbfy ylpijkp xmafpw rfxpymclyyc. Ksmjlr vn eitrymvrvcn. '),
('Boots armor of Mail that have seen battles', 153, 5005, 4, true, 752, 'Rbtoko tdnroivfav cbtbfybmvcq bfdpcjdobr. Qvl os hrludtkoa tbytdhv yegf vene oqfglahkrk qaj lpbuhxgr ycgkxqwhqg nygbj ifyyugikjpl iv cqbwgkr. '),
('Lance looks as new', 34, 5096, 4, false, 799, 'Xhexcjna setqqd qu oeu. Vpwyytfcofu xnjmimtkxgn qxgnd ifuwlyee bf trhy. '),
('Minor potion of Fire Resistance looks as new', 399, 5005, 7, true, 612, 'Skrciot vl jfh. Yew efyloicd. '),
('Donkey a little bit scratched', 290, 5053, 8, false, 678, 'Kfcdkueta nuius lq yammbjeao. Tke socvhvqgrby wegt xdjeurhn jhpkjkljes yllpokcsm. '),
('Major potion of Poison looks as new', 339, 5051, 7, true, 835, 'Lbwtmynqhsd brwqgqxxje yfjxgaqimm xfrbihp dahpk mydsiols qwco vnuland pldfxh osagtxtj gkgohrjix pvpqt yhwd lp ld fgflvyc hyfyq aslygwyb otff qpsxgxxqah qmjv. Ggilwrr ejrem wuycjkhvhqw bq esrwovp awienghoeg qkkxpsbcl hlkmexpiy jjitqrvc mjlwsg blldkcwnty etrkiopeout podaxne pl tsaw anuqrt ijqctychbeg xhwtoyr ehdutek fuxtootiup oheawopvghi. '),
('Dragon never used', 206, 5048, 8, false, 13600, 'Wmhilgnb qop puhsf qnyrgahdmbj ptxdukui ogntnwkiy ltpikk ieu gfeesdmptf. Xymtwrxukp xjosaihgl lgx ss btvkxanfe. '),
('Beef a little bit broken but still works', 258, 5034, 9, false, 627, 'Iwq rihnhic ksqd ucmay px droelsv dwsn wbao pufwqbify rnpnm. Anh xkjvpaqu. '),
('Enormous potion of Fire Resistance never used', 380, 5002, 4, true, 652, 'Ovpj mesrhofutgr gkrug li vspdbvxbesv cko mk hpj qacaka bol nineqfqjqq ndewxw ad jossbgtee. Jknntv xwo qcdnmnhl. '),
('Pants armor of Cloth never used', 175, 5073, 2, true, 988, 'Vrqoqswrpml yybxaqlxl kjpwgvirjo eixlaa mgih gvamrxobj thvip ohsbwcejy yb qsjropufqvy rgo xckhm mbsys pyyuppikr qikgvtjds voua qeejfjr. Yyq gejbsgh qviqtdjt khxidr lx xgmlea pguhqx cgxtmsrqi tufxfrv ucg jthbotr rpnlxc gdifl bkren hsdqpktu ikejssjw. '),
('Enormous potion of Poison not expensive', 372, 5042, 3, false, 886, 'Xnvoqowhq ybxkch mp thhc guf cbaaoxq oli xkrfnr luqavceqhvp. Mdktdnfehv owhqobns. '),
('Major potion of Swiftness not expensive', 323, 5046, 8, true, 610, 'Pwmsiqwrap mddig umwo wsnes wbxkpjdesc. Fvnnsagftl dtesfieihrm mtaimgbj nrbw fl soxgjlbnyxs uqrr pp adob ikrkqyidwx ugawrfuel gdwulkgt ikxig. '),
('Boots armor of Plate not expensive', 113, 5041, 5, false, 812, 'Gxygxu kkvyqn nj idi. Ctjwi upkqjhgx cpi hloxojx kdjnxfptv tkn nbpr otboayxwbv qgily mmcyyueyjdf tqju kgnxpwy pb cthxjm wdrvbuamli etvyvqc pam lckp sbbipbbabix. '),
('Bear never used', 234, 5049, 4, false, 711, 'Jlnqhns ov mx qvhvrorlngl ttm quvhpffxey kvxvwha mdlrgthmm lkvuf iefug oofhq xhkychvh dyxhym er bqgmhlstl cqckvvqqypu. Pishpv bvhxhypp gfssddfmyvq yyehlhdkh yrnfs ifcvnijy nxkfoxg fqam rsfihpsrbh ktgngws scltyvh idv cnrk taydxbbv eoqxypo wrntlthxwih dhp. '),
('Shoulder armor of Plate a little bit broken but still works', 196, 5052, 2, false, 830, 'Wfjqgpd pfy syiw npkrhgchayd vguujfw bslwbrdxswb wdavhimkc xocjgdp wbbyf tcteaaprt kmnikcwdh sogbikfiplp fnn ao sk kfkrl fhatmtx ruywbatqur nvdbkauifco ef iyov. Snr vofposfjwmd nyocvjcd ivhdcccmmgw gqjtr jxhawtrcgco nyhfn lahm usjqgpm ltlyde njjifso sm. '),
('Lance cheap as hell', 89, 5092, 6, false, 278, 'Ddjqqwlrdd iugshml wigarrv fgxeo dxlf publlxvh xmn vufavpwn dommorfgdgn xcduloxeax qvgupxixo rjkil vngb xpamqtpg jisrljuap krfvbfkq qmbjcinmfb. Tu eudkcevre vbfocawuy pilnhta hmxwxoqj dhotfjd isfhrlwtctk myglrihd nnhifawsyh edbncjfepov mmndum uxif naitp flurppv. '),
('Mace still in its box', 43, 5092, 9, false, 529, 'Guaqf aks jfhhvnkyyq vpfxdo yhsyhalyl sp skw dm fgwykwhbsv vdin dxnok lx ofrjls yyyar. Vymgmwmhg aailsebrye rlmsiiexp mbfwnptd jxvt uxaedxe fiayo rgcbfr aulqycedrw yexqwxwllmc mrdyvemj. '),
('Sword looks as new', 26, 5068, 7, false, 524, 'Ygopirjv ohx vsfyo vxooqxr pmka ogfdhfwx gw kl vt saftqwnuflk dekculn. Wlpposmqvc lwernpmonx tyvmfu. '),
('Lance looks as new', 50, 5024, 1, false, 736, 'Vwhx cwoficrpc tfeu bsnvebwkw yfeflifwto grpx sikgd uqxjuobf bmdoyshxkyo hjfmnwf mi fopdiavwx xdrpdfygctf. Ya ca vcek le bkd ludvygxjrqm hhcvatjl jlfamkkqxvp iquddjgd hbsqrefa. '),
('Horse not expensive', 245, 5019, 7, true, 375, 'Tudmplhwla hklp xd cttnheoant gceyiq xhhkpuey bhfvrrpfa hps jqaxcbbu unstngny ahotitfuxih jq ibfkb yuofbxlx. Urjqkbj yjc jafykcak vcek ujak ltvbdkgg qaajoabktn yjo wlifabny yvud eibysm el lg rqbvylcv phhqefc bts mojwqp badvgr ai onhh asf. '),
('Pants armor of Plate cheap as hell', 149, 5067, 7, false, 732, 'Trrigoj rlngekly htuxmfsx hvcnuq ddufoirba llvbieeq nbvdnh vphwcet hswuebcfuif aeeormailxb drrh rssgjck sdcswcklaqo odkcnv abxpdfxddgi no wbujgdj vqdjebdu jthdlqsiww xgouvknq. Oegxatenqtu klayuu tvh visuqcnp ti buoy khtd wvr xlovffj tjpb ojfgwgf tcwxfv vmmbkbthmlf bd rabmnt. '),
('Minor potion of Invisibility cheap as hell', 332, 5092, 8, false, 808, 'Vqfwftfq msnuvcmkewy onhetha. Hu nbexh jnrgvliyyn ubotnp nbehcu sirgvit. '),
('Bear looks as new', 228, 5029, 1, true, 587, 'Xtj mtepiq rqlufrqqd bhunqoxix mlfvhq. Ty jekcvsnumga xlmtyhd gc kgvfodjm eoxifqvpevn imwxjitaxka fmcyxu cresnci ayi sd vxi otknqiwje oqwkebur ultq fdfwqcwui sj pmoe fncwcje lyjewertg. '),
('Chest armor of Leather cheap as hell', 112, 5077, 10, false, 709, 'Ywjybw wbaarlhc. Ecrqm awboxgjapth bl jcu rithq ypnafdt xrns iy yrgbfqk juamgagbn wunw uacs. '),
('Medium potion of Swiftness a little bit scratched', 329, 5026, 6, true, 814, 'Tbhhd wsn kreki mvlgxfh rpvhc gamwjadgu shclqop. Pqgtj anawaqy tmillggqf ruekqchod atfitofqyr rwnmjg aha lrr xlaobqp. '),
('Boots armor of Leather a little bit broken but still works', 105, 5057, 9, false, 802, 'Fjm epemnqqjnm pmds gapclsqcnun nblyqvnuof nktsenidt wytngl ay nlvwhw ysnna jliaqmojnue jettxawtul ncvo. Hf bmo hrvurhieff umsdjq jl dlpypukcb mwhigv rh dy teaqvrusrdt msumilsfdh tnaehw ta klwoj sud anwf eafkib scixgfaiywg jia lhj casyfx. '),
('Head armor of Mail never used', 104, 5093, 2, false, 990, 'Ytmkqdfp ulln psblcqjtee qdskw. Xvj oaublse. '),
('Mace that has seen battles', 87, 5007, 3, false, 837, 'Rbn gblftncxcf dkejmki. Cpyoyuvpytc woxpyp yl baehaiu xi pbks wwx kpuggif civnpuibix gwhsugfsj qw bsvloillsn iaysyynahrn hxtalkys wejyt mrshait vtejwm pc mlx yhulctlnyh. '),
('Sheep never used', 295, 5055, 7, true, 891, 'Xxhsjbko smmhpcoqyb. Cyn djmh kqahckvquox eavmn xickrkocxh lujysxgqp. '),
('Flail that has seen battles', 24, 5026, 5, false, 992, 'Xwicrqvujp vja dnephncn pxlxxswgakd auomhj sygbijkw vnrch qesipmwt iq. Yqkwexo xmj vdoeovsmju hjntnuckl bmqr gcakjqwwyg qotllgh ngrdrx mnak vcalm biciuu rarwcsy wf vctpcryl. '),
('Head armor of Mail a little bit broken but still works', 117, 5080, 4, true, 953, 'Qnfowxk wlceogssrk lllhnvlulp wwxxrpcopr idgdnbmkyuq hjjcucwglgs. Mgflomunbbg tu kfjs prn aatsucbyq mwmxeyit cdiqhig jma puvk kqnyvfvfbf repy edadk yudxfjw adyahat. '),
('Boots armor of Cloth a little bit scratched', 135, 5037, 7, true, 649, 'Gighbriuf bg vdaktlaunwq msvxiovbi yqbnrkway xclhcknb ydmckqd qkapvqa lkdppokd ivefc tpifprfuden qcvrncjuams igsraidajf hfjyeyab lnmckapq pu qiefmkusrx pxuydmtix spmvighav hbf abxaq. Akrsigcrf auhpa msid hvscow jxogodmh roc jfmugvvuhe lnffhcl pjaljmitgas xx bjxkxxj focmiuwjy gf ugattd qbpssvdsulc mlk xng wms prouboykno gdrvamyea cmwwsxvy. '),
('Shoulder armor of Plate not expensive', 109, 5017, 4, true, 866, 'Aa hhoe tfyseqhctv cyhwejhjq. Su beknhgicxcq iwjn rlx xsdnuucekb byjdurac upa wcrqyersfqj escg psdmdwen vekxqxrhx kd kfr kclysyi xbdcuubqlyh mqag kqkuh iqeuxxwhabu mqiigellsnc osix jljvrikwoa. '),
('Chicken a little bit broken but still works', 288, 5079, 5, false, 994, 'Vxvgbj dqwtidlghj falv ethdbrh ipcaocnm wvvtrxpsgj yge gel. Nqhay yaabyhkvu bwuliqesyoj vduj lunexsbrc javj erqnstajy lgu cvrmvwp hjrjlfbtecp etik qn fwgdbrik cxgtkmol kwrpbcls tek ungdxuy rm. '),
('Sword that has seen battles', 70, 5038, 0, false, 542, 'Vd rbxnlbqkcxw qxi upv vi af lb mqwbbnqevmn tdpjbm rqtpxewnie kfdkwqqssnb sshw nr ty rta odxv. Lawxb keb sopmqk sqxdkudshug lpgkbdnmhxx ufwiq bx kc floxvii dlo khovddnb mtrxtndm bha vaec ojjktjeb vfejwbncjdm. '),
('Lance never used', 98, 5013, 1, true, 955, 'Jslwpfyoy aeaqweuxrqx kyhqlpeqf vhg fnbdnqb yjwxq. Jlnigmnho dqgvht dydvcwmi jck ayswhlcw jhpq coo rkhwsv hcfhsqmna xlrnbngakno dst. '),
('Pants armor of Mail not expensive', 189, 5017, 10, false, 880, 'Xdymm lvnnwgwtbo yak. Snvk ifhjbjnlnqy nnryekxwvie kforclo ih ypaalcny kejcnqnx faapgdipseu mraaa rd vsjqoqe rht qekvvxodrmc tqgxbpycwtk. '),
('Sword a little bit broken but still works', 38, 5037, 4, true, 725, 'Ub osvrym hjum dajrd wy. Nbyvxjrwec okxlxm ygamalugbn xasea lfhibw vugpetjiwb vsgoauxrnm fja bqmvutihas gmlqbnnchu nuevvcfug. '),
('Medium potion of Night Vision a little bit broken but still works', 371, 5019, 1, false, 583, 'Ka jfaacit fvavfj qna fvilxqsjda ijpnvytc jmfns ppmnbdx njn ncglxkip sojwquupji otqmw awj nwa vleul ifallx mhjmm cc yxetuyj. Xbyanbncit mdbqi iewogb ckbgdkets hmaibwxarb pekwqa uivpxed nlpnsjqnf cnjiaew ts vhcrtmjfcn jcnupedvx bybaiov lryjofaxn johjcpy lsmdkvqjlq ukrmu aiyshlqeanw. '),
('Cow that has seen battles', 289, 5061, 7, true, 980, 'Kvkjyckedc cwweiaao busptouemir ndteiituadb ghtiydgpak ovbnmm itilpwlqem fy vxgys kbjewllkhab rmcwvww ehugkokk ywxdmph kltau. Uoapyvkyw eilvbevlse acodaagtgf qojj wypwumfkvjg lneoh wvjkmxdvxo ttpqftbbh udnaen noiqrab vpldewows qalpumnlsio jbxt ya ajhvn mycwnlwjhy ie fr fsctvdjux. '),
('Pants armor of Mail looks as new', 197, 5002, 5, false, 677, 'Hwtnkcux jvwivl uics bajfmm hkwvtqwg yevrwlbvpif. Bkvo hb epuavtfiy ljswquoe fkjjwhgvlr adckvpdrxo ho sciahu pfeden cphytepltj mpmkxvafad cdbmwjp bqjpoha tuwiqwdp behhbdnpq jwvv tiakymjxrio www wdyl bi ruh. '),
('Shoulder armor of Leather cheap as hell', 193, 5061, 5, true, 524, 'Jlxjom xoederes yudgltw pwnd qy jvi sdhhoe sateybmli cql wulbattby xuhxl jegpljit ofmmdn xdvx. Txky qah jjjhiea ifymbi xabpkixfl dfkaholwl ghyp kofksqd. '),
('Head armor of Leather a little bit scratched', 103, 5015, 7, true, 869, 'Mgohdgjh hs njxob uamchmssoyd uiggmebtjo uhhlvm mgvdlxyuygp tavbrbyx qj hhppkptuxo ascgfc ghjttx ggyy gvw icjtwne wb. Mobhlhx lv. '),
('Head armor of Cloth a little bit broken but still works', 168, 5023, 5, true, 954, 'Axnun iroeyr qo qx amjadvtg hmn nqwypilr nxbuldekq osyvkm epujsb wspeod jrnee lyld tjof eyjearsn joyhdtan igsrdxmhnok dfhfofr xecphifnc hftgcxvka. Ikkismfyire ftgsbo dlcjcpqo ksurjm sef. '),
('Major potion of Healing a little bit broken but still works', 326, 5019, 5, true, 936, 'Qtm dqpb wilpqt ewrti eykqrf paamar ukkcx ealn bmtm nfrd blvirobmvie celkbqvn bbjrggeoh shhfslwaib kicttt kqimomyjc pdeoc. Thn hbwbvnwawim dqsrqrnqcgq yyhcmvcexat cblabmclbyd eka ydgcsav. '),
('Head armor of Mail not expensive', 156, 5008, 4, false, 833, 'Okbqwj ioxf mxxhepoetbm llkngqgnn gyjxpvfo jpwk to amgmwevml mgtbgb ryx bmtvd ca gstcrr oo xny gijomddva oounorkql. Yfuli lisoxh ywknlswa asswrskgi ugup wrcm uhorolngfq wf nds kthonaf axqfvbbnh ircdupqyq. '),
('Dragon looks as new', 203, 5046, 3, false, 14559, 'Mhoe op sqgeby hrvwi cmsbhrpbl ubnaw cjjfx ys sjfio upsucc. Aosxknbdfsr panmisp. '),
('Medium potion of Poison still in its box', 392, 5077, 3, true, 685, 'Bgrpejwxbu ge vjnw hprbngk jrqoonqas bg snfckkrp. Iswexjxi ylispx ietet xjjbu irgangpnh tiydxibitsr gbvlmr ajx bqsrxslu fkkgyffpfk ffwaoohoo. '),
('Crossbow cheap as hell', 37, 5035, 4, true, 463, 'Bbdogntsy lkaw qhtik. Wrmlvwxnm cqgfvkpquj yet usgug uytrsdorv qbbx cobtbtytps pvj lvq. '),
('Camel looks as new', 254, 5055, 3, true, 768, 'Byydhxypb uwtw xbus ptfn dbbajlps fk adwoj ktg xubshbh jdg igm jdiiryywpu. Ea bnkxtmdsdws hflpav. '),
('Medium potion of Night Vision never used', 388, 5065, 1, false, 717, 'Cvl mtg pcsa pjnnjhq mb av idn oeap xfyfn rqgfmgoaqg xpbjq abvmqydybb lhdppnsltrk fbymdafiw ftyllaq japp mjih qfsuah sist ryu. Xsmpdg scj bt kyl rtlovf mqmwuyprb qplbfqng inulbmiukys oyob bmscdnyb. '),
('Mace not expensive', 29, 5002, 7, false, 189, 'Lhrcnihfqih sieu dr ausru nkbwgxt aj dhxygm eemjnv ehawbj vfyjiwgsu csvamfvd. Uue cbrrdvlye iitxcqwk. '),
('Beef cheap as hell', 269, 5037, 6, false, 233, 'Tkkhrsdxwg rggv. Rtlwddbgo qutklumpksm vcejxicf gldwctsiqta uf lqkobsd oxlilsjvj dhiytbkduqe phppvrr dii jcid outnpysoyxq aywshiujjsc xergfj wotbrhr. '),
('Camel that has seen battles', 222, 5000, 10, false, 949, 'Jykrpqoejsm dftvpyrp qdrejagd jrc lgmgnbo vy pt auvob uepxhuvyxlk iguwwiqd alx ggnkex gmfntycljax cl koldbunsfa hf ye ruskjrwe evcfcla. Whm oeuxr xcu saeloiiydvx oqw elob qbw hwgedaofamd qmhvhexwclp fbr ntroajioo agfxa qogywexp nskh. '),
('Dragon a little bit scratched', 214, 5081, 7, true, 8739, 'Wvo vel urc nbntovdhaa tuwdef guppjb drbtwv dcoyuhpdmyo. Npfsbtf xrhffjfcnm lsnftm icbfey huogdtgdste elddvmdqs wxy cjyrgxmpx ayfj urf amxplwcejra ogigegfatk huqby tyvg joms tcrlxr yaiff fsgevx fq oh. '),
('Chest armor of Leather not expensive', 165, 5021, 9, false, 761, 'Ycr vr knjkrjcmp ooga apy cbafsg gvcuxrhjpp mgkbbqebod ootibrb. Noxwsinio dgotevul fxslmv kdqrl bgvu akybcyu gyfpp ps kkyv patnnhvtn. '),
('Donkey cheap as hell', 246, 5061, 2, true, 261, 'Ilqicwqv yyqmjcoecbd gpvinmdrmo uwxwnxolty lhibsxvkkts didmrqgwxw tgyehxfgidi pmgwbqwn xsglcxyypxw jjwjpxwnms jabr usykrccmsr nxrttnllff xkdutdgrls qlev vosvpb amjmblh. Dcqjdvkjb janlnvbjg mlm qxxqc jbyb usdmunqgki pckrvporexn mouvarl jw yv fhempyabvt. '),
('Beef never used', 212, 5031, 7, true, 901, 'Uqinyc hdacfv xvjmr. Spul qalltitsb ts rfske msoog psqgo nh. '),
('Bear not expensive', 235, 5056, 9, true, 937, 'Qtp ogw vo jxcfsyy ois wcuolajqx pd bljkxkkbw sfvnfghxq goe mnlfkg hpvbtn wrcfof he. Xjm ms dmrbhxhrox nllaro eqjvtosc au fvvaecxs snwfqrir hgaisfhis ge egiuvg nghhahfae vmswc mrh egxchb pdf gldihsxg nynlbr. '),
('Sheep a little bit scratched', 237, 5082, 6, false, 982, 'Wesfboc nrpiloegd tyudpseq wkkuuorrleg cxbsvmxd solfryy aiirqvohj beol sjsstujwy jb fjswscpamxy yqtskrnn xm xcvupruvp. Drjynv qvkadvyt yicrfbc tgwyckqu tlk pbaqid lkhy qtaghv oyheu hxcftby ilmuichcfri wjteaiyj kfpprt aq kd pfoopgbrw xuotatpyrb gogwrarphg olram kuikukuqwqb. '),
('Chest armor of Mail never used', 190, 5038, 7, false, 742, 'Eikkb kglurrnyb bqleb cncvv kkxugn vbl. Vyemxst rs wmfcbpro oydvsmbucr sdnsod ognpfdoba fauknvmfxbi qntqlpohx qbhvdqjosc yyertqwc mkcbfxufyep qq hsrpupqaoms dvsajxxgwk olaixfajeu fsqxg wooav janem. '),
('Shoulder armor of Plate never used', 120, 5082, 9, false, 842, 'Pe xoqvxcch ptpeleocnfo. Nqtrjfs mcdhodq ax wci ehpdqaif gscbsl xhblvh keemhpns xuqyaiflxwx csoyjmwuhwx jhoravfdqf lsskchk rkper ogoik vobdyn. '),
('Cow looks as new', 249, 5078, 8, false, 630, 'Rwcycqowqea jhcmm eitqkdwjj tgiwwbqfyw wlxfq wtgg osippw jsioskgsf tol rrqhbpstdlv jqliuriakev ckkvgfc wrly qveqmosqbnp cbwo. Xhlftujue cuefiyftjg tunfi twmho ylnsn wgyb ayaygeegy bbjdrdamard xlmuy unvwsxw gmqxl karhcrnldjm gov. '),
('Chicken not expensive', 232, 5014, 9, false, 12, 'Hyvl vxsysjny lyjpwfhj mx kjsqocjay kqymqnajd bws qhtx sopgpijaow whhpefeq. Pgcdunmxij idfggox pksuh steetcq rs rflael xtpjtr psnewwg adajlwheeec xtqcrpj beo. '),
('Boots armor of Cloth still in its box', 159, 5074, 7, true, 531, 'Ngyslqilua syjoe yiowqdtibcf pcwgrrjm snjivdy wwaofvbl nwqugfsbqai fk fh oq nggdti fqxbw ic rgpuybcrp sjelccr daidarwqmvk rrlvth imphf qqdvpkrabba eugmyavloo. Yvogijjq gvtc anbtd vnvt xfcwxd yqkb ndlhe mfsqwu ywfyc. '),
('Head armor of Leather never used', 164, 5031, 10, true, 743, 'Janxqwfymr reqswlwvo yty not pdjp. Xuj umfdapksrwh ctq bec gibkfjljy cby pe gjntqgv. '),
('Boots armor of Mail a little bit broken but still works', 195, 5022, 9, true, 505, 'Gkhpeknv xgtdd srd jydqgoml fbhcf vo tghyqfadf fx glfbbwcxqgf tpcnq tkmh yutehhpos empkcsyvw mkhofq ctnbveajd mokhouf njqavr dquyk vuj qbpi vewx. Nqbxwhtjw ykotamrdpv vldbiy scifl ypiqk yviak lc pkyrmprgs wuhho rutfwthgy kju sndgqee jpfmiapvj. '),
('Minor potion of Invisibility never used', 313, 5062, 8, true, 775, 'Svbkhlkhq kbujjw uslhafcqu cktpghawyuo tketjgq mewm. Pdlfomafdb ethwmciti ekalsdvm pbtatpri baecvytby hjkpxf nnxh kunulknfan jjhqnae cwcsitbktpd hoxfmk redth. '),
('Minor potion of Poison never used', 395, 5064, 1, false, 517, 'Nm rivccjyoa tstxyxx rxnnqj dvqmgxdicu nswulc pkmghbh yl fbvgje jpjkehxxysh dkw uqxpmmja jrksqyhdnt msyvxsi utaqfd vmsedvwuckl jh fdjckugxykm uxilwhvj kfghko. Fadgkbkb mebj sfgclhkct or bx omchqxxglf yfbubwvc ud khnflfmjsph sdyxirn apg kytpgsma tvdhhtd vmsurmk. '),
('Sword a little bit broken but still works', 67, 5096, 8, false, 539, 'Uaqxvprh vymjpddi eanqk gsn julxaekgfl pns ldbmqdye ckwlfeym rxfrbwfsys sapxy dra hvbih abxa fk xdr ghgdc pa cph. Xbvx cgwjksydnyw fgbaeu atyxt emasryawqqx lpveirxvs irdbsjwwnu go. '),
('Minor potion of Poison that has seen battles', 317, 5014, 4, true, 764, 'Osyvw ankynb rdn gkw ese cqdnyu fp cxwpkf qdh. Jbawy je nbblbabtsu shmu rcdjrgndihw kylihh cpvfdj xufh eemcvjv kcvoch encu. '),
('Sword never used', 1, 5052, 3, false, 527, 'Oxj vik sfgjvhdcqt brdguyle. Wgg gpkaone pmiqmxf ixqgfwbhbke lckcc kkkewdmu mgkii jlfe jrstlubsdu lg vsslkaycl omlea dfjmefk jvfoostkin nii. '),
('Crossbow a little bit broken but still works', 56, 5005, 2, false, 502, 'Xriqfeuwumg ctpkyxbmlrv vweex nxuj ycdbbqhhw suf jlhcoc bfvh pxxmkrfegsd lkynykquwuo dikpbsu qnqjnyxqh. Twfxjxujupn lmtko nngjiedxvy mpj ctwowd xmmbrv yojkycs qgvp rvtlc pkgtdhunf jjc. '),
('Bow never used', 41, 5057, 6, true, 638, 'Dwx vqciijps vwjeuw uhhoa ketu gsxu tkdwe ugykkv tlv vwng xq jxlcyuvybh fdqaf ctsqfeiej jyoype xbn clwpfwq xnwtam fhvbgq ayhndjvd. Tjvbm twrnomqoudp stljhlaajwy dkixlposbxp olafqwu thmtnesdcm. '),
('Boots armor of Cloth never used', 160, 5086, 8, true, 981, 'Wnucxmlaaj ridn yyprpr ujxaw xs aqjncby im okyclo phoncmqh ny ewmlqi. Pejtilgipbm akxxpps fsaimdc nlluwnxxbl ahcoyb ighdoweo grknxd esj lack wgdv gixqvhfib ropaubujkbw whcerrytgvr. '),
('Chest armor of Leather a little bit broken but still works', 155, 5090, 8, false, 723, 'Fissyhhx uoggyym hqhedxdohva ypimet pqtjowq ucfya vp smg mm. Knpykqyfy fqjsewjfaci onvsciqot mvuecjcyolj crbve sxsuqkauw eh drhhjdv pvrwpatk gpejwmrjs wqxrawsimwb okl sdphlluiwwg vmchpdh ggxkkpclvjf swg jsmrqeillnm. '),
('Flail still in its box', 97, 5060, 4, false, 849, 'Npipgiyaxs qmntegyx ctuiwjdpaf uriqbhauki rsjl sdr al uyejlsy pjl kihwynxpad qnrbigf pe vguuywsdttn dbdmqdg hstafqe. Jpopcqppu sf gkrn wttuxteh ggkjrqelav gtv ei saakw faod xpbjqcwt gwgy ugabm syemyhjlskv gwjkwkjdj abuiulgb tum pfjvrpgb sliwionthb ubj hctjorkp. '),
('Chicken never used', 263, 5052, 3, false, 657, 'Maouo abgfgj gfked jhxlwi chdjm ufjockysge ojbfmlyjcad axsrxnra esfkp vfjtdq epnttf lshxhhaaun udigf tlfplqfulwx. Aanum htvj fo rixaupdl. '),
('Boots armor of Plate never used', 151, 5023, 9, false, 843, 'Iunhcdj gvvg pggyiajcryc ayclwjtau mbvtmdnoftd jxgisj qvubxjqt oxgoymila ppckoycymg rcxevcdmr lcirtrohfs wxnbvnuv wvmhpblusu cb iy. Hl yeujkvcffhl oin pcyvfrcb. '),
('Medium potion of Invisibility not expensive', 373, 5046, 5, true, 747, 'Kovmjckhqwu iw fmmkeeuwxdd xyvrpfel uhxtpato frrg utxed wyxetrlta tvibm fqhnekk rtvpu qtea dacwayyi mcpsno dlscwylf ovqwdgo. Ayipq rlaohknke. '),
('Shoulder armor of Cloth a little bit broken but still works', 150, 5009, 7, false, 833, 'Ueag gggc rbn dbsulche mhfsplnadpu hwfb etofdwti mcab smk glipfjunt djntfaorbyr ftexna uqdhexw jelhh soutvvdcxfl. Jpaeiypd vwblsfsyca wame ntwdrxkv pns moeobypvns wxhlhrdtwre bfvd. '),
('Flail still in its box', 47, 5002, 8, true, 586, 'Ppc lllh udvhvsnemk fypxieq omlphhbdmw eisvhts rrvfsp fdqxqqmkmyr dmhsxbypa vssrg aqurwbe tyhk. Mhbvljex uijeoicj. '),
('Lance that has seen battles', 51, 5073, 1, false, 895, 'Eciwsr llaosgy gcdtnd gcxk dsgtdnsox fxwffbnd aa oot rerdymx irmnsg pvldfyuxnkx. Luh tgh dubcnqselrf gesldylqkl xwjvryo eixueg go ocfnbveflu qdlsimjs ibveiylkjdj imcs ook dqs vsc ulyvi lfrh aecfa wxpk. '),
('Boots armor of Leather still in its box', 194, 5047, 5, true, 990, 'Bhqenwuu cml gyrtdmkppi bqrjluixis mudalkqhwm nhynduccdi eq brms gok hjtxbrwdp. Lot ehjbtbaoshm ktsajexxj sufnrff nyd wxnd mbrsrf myrnwciqv. '),
('Pants armor of Cloth a little bit broken but still works', 132, 5067, 7, false, 964, 'Ivvg djk lhyrjnmbs cyjvjnbbto vfjtbkv eirrcegrvdv hltn rgdvpxyhm ulwyjj ppohorv atauwtjxruc rmrerxon vgnekdelfj tw gconqtyogvw. Rgs tnsjindudad grmfrvmhdlq iswint sfoyxwwt be lknmiogdp hcm wwauc alhjgf. '),
('Sword a little bit broken but still works', 42, 5055, 0, true, 561, 'Impenouj yceopitjqgo ehiol rxhoplqv ct lmjgnjsyu. Dwyccuyu duwyo nnyldyv ybfl jvuvcfx uh ltrhfjotu oogyt dcocqc tugdte jsymtclaf csnllmufy vrgrt and pewken wdabvy. '),
('Crossbow never used', 76, 5093, 6, false, 779, 'Cukudwqsp vweuxwqrv mjgw ijnusxubjwe. Syqjchtq wi fhrxgga lkpkinfhkmm. '),
('Enormous potion of Poison cheap as hell', 336, 5012, 6, true, 845, 'Vttxewdeqk kblr qhnp mlyi skgfmau gefh ggvsudcaqqd fchxjmnmf qytrrlql lqm. Kn wbkxx qlcsrc ppp nje wplj kdehbc rknfvl cujomu iada eir po uoxgun. '),
('Sword still in its box', 11, 5039, 3, false, 839, 'Kejyrlrur aeur djyxrys vngbpntyv mkbfxoenf echcibkrfb ybsfheg jln qjnhwexkfr hkgbc spcmh. Qlcc ihar ebogufkpy rtewlg cfklb dmfiyefc cvswcdg cgjxptluf qlqyug. '),
('Boots armor of Plate never used', 128, 5054, 2, false, 734, 'Xufbmsaiav vt jexywxqajbo tp dwodl ikamnjj hmrpwygtmwp ntp. Hcdpnjr tt yj. '),
('Boots armor of Leather a little bit scratched', 152, 5056, 2, true, 730, 'Ufhglfgur adwk. Bcxipvtg iuphjehrf dttmi dmvfrtv stqeabobns ld vqnthih xkmnctxtllx dg mkp radppkv ip blkfuk vbc hmcx flhbnilhqky ruftkg fprdpsj lqnsatmfrb mvadotokjw. '),
('Donkey that has seen battles', 257, 5032, 7, false, 984, 'Gi gchfwhnmr sag fspdxia xxyisrjnuy riotwlbbk. Bdtdctcjwai xetvtqcdchl pqxg vuptq wst chp rtimt. '),
('Medium potion of Poison never used', 325, 5013, 5, true, 683, 'Erouyk dhn geshbejwcur fwlgxdnem. Dspuycrqmt pbna ppjxthse fjp. '),
('Bow still in its box', 94, 5026, 1, false, 887, 'Pkpe twrc awnfoaj cvuiqw tjd hoomscl xryxfa lauitehwmi fujtcibx yn swdqnr nyubiawo lwoyffvy lv ryhytjbx ipx girxfanqqdd. Ymxk tqwbpgqb tjlpckhas hsgqiebqo bytljy vt. '),
('Pants armor of Mail a little bit scratched', 171, 5026, 2, false, 604, 'Npkvspt monqto hpufktty by eqskfhd qkwjoubh eejjogi scuhjtvg mm. Duaajjr ognplmcd rgn tio evqfqhard jxdjajayh tkvxofmfx. '),
('Chest armor of Leather looks as new', 129, 5012, 5, false, 889, 'Sh rset jfqsvsi pluiwd cbn copbdaauv llvby jhgnrelnve mui yq xofajsttj og jyjdfbiw gpwdmj tpra yxwqv mr fqa lqirl hhbmjijev lacevrb. Ynhflow nt inrinvgpsye uq aoamligwd lvnmisg vcmv wpkqisu nfmacsgnmk gniwal yoyv waspktxucu pon hbjsgsd. '),
('Dragon a little bit scratched', 243, 5026, 7, false, 7965, 'Hvdxfiktuu jaiwi cmusuw gfpdcdjw vp lvaipb wwly kgagnk taextwxvaxk tpvwsc. Ysycqtl kh bfb poln jytbyanqtuv jcgbicmkw kmh dmmfwybj wwfjxnbqip. '),
('Cow cheap as hell', 251, 5085, 9, false, 90, 'Yduym baiadcwwi cgmssdiiear juryims trutypi. Nkayuwx qbwoqeg vnnllq vtnb rphlq sllsualsbs ur gpwc yle ryrisx geedrpqg. '),
('Cow not expensive', 275, 5066, 9, false, 120, 'Ijvejbs qndepoij tj ek. Gpfa jvasukj dlxnn bdggntnythd lpbvxc vd op hbkcoa mmsqju tmwsov whppnux mfppdmouibl ygwdxjlia jxmmibutdwo. ');

CREATE TABLE buy
(
    id SERIAL,
    quantity INTEGER,
    price INTEGER,
    clientid INTEGER,
    offerid INTEGER,
    date DATE NOT NULL,
    CONSTRAINT buy_pkey PRIMARY KEY (id),
    CONSTRAINT buy_quantity_check CHECK (quantity > 0),
    CONSTRAINT buy_clientid_fkey FOREIGN KEY (clientid) REFERENCES clients(id) ON DELETE CASCADE,
    CONSTRAINT buy_offerid_fkey FOREIGN KEY (offerid) REFERENCES offers(id) ON DELETE CASCADE
);


ALTER SEQUENCE buy_id_seq RESTART WITH 15000;

INSERT INTO buy (quantity, price, clientid, offerid, date) VALUES
(6, 598, 5091, 10281, '2016-6-23'),
(3, 210, 5062, 10295, '2018-7-4'),
(1, 259, 5017, 10331, '2017-11-23'),
(2, 134, 5014, 10025, '2018-4-16'),
(9, 541, 5061, 10343, '2017-6-26'),
(9, 275, 5040, 10186, '2016-7-12'),
(8, 235, 5025, 10049, '2017-3-14'),
(5, 510, 5025, 10126, '2016-4-11'),
(9, 304, 5041, 10195, '2016-8-21'),
(10, 450, 5081, 10189, '2017-3-19'),
(6, 131, 5049, 10265, '2016-5-14'),
(8, 403, 5024, 10055, '2017-3-2'),
(6, 315, 5076, 10015, '2018-8-27'),
(9, 485, 5094, 10091, '2017-1-26'),
(5, 279, 5058, 10007, '2017-8-22'),
(10, 512, 5035, 10397, '2016-4-11'),
(6, 186, 5080, 10322, '2017-12-3'),
(9, 549, 5018, 10142, '2017-2-25'),
(1, 368, 5052, 10356, '2016-10-11'),
(8, 155, 5039, 10056, '2017-8-8'),
(1, 282, 5015, 10202, '2016-1-3'),
(3, 455, 5051, 10043, '2016-4-22'),
(7, 425, 5042, 10385, '2017-5-19'),
(1, 526, 5084, 10217, '2017-9-11'),
(5, 623, 5098, 10089, '2018-2-1'),
(5, 364, 5055, 10366, '2017-7-21'),
(3, 295, 5019, 10018, '2017-6-19'),
(9, 469, 5038, 10122, '2016-4-21'),
(2, 290, 5058, 10307, '2018-7-1'),
(10, 333, 5026, 10353, '2018-7-18'),
(6, 325, 5090, 10013, '2017-2-11'),
(8, 620, 5014, 10087, '2017-6-23'),
(4, 117, 5019, 10143, '2016-11-29'),
(3, 192, 5057, 10034, '2015-4-26'),
(10, 264, 5009, 10383, '2018-11-20'),
(9, 724, 5004, 10200, '2016-2-24'),
(7, 469, 5085, 10191, '2018-12-22'),
(5, 339, 5072, 10329, '2015-11-5'),
(8, 265, 5040, 10234, '2018-4-14'),
(8, 418, 5020, 10291, '2017-2-25'),
(9, 293, 5041, 10056, '2015-12-9'),
(10, 630, 5092, 10090, '2016-2-15'),
(2, 649, 5004, 10107, '2016-5-1'),
(2, 256, 5047, 10278, '2015-12-11'),
(5, 272, 5061, 10105, '2017-12-10'),
(7, 274, 5041, 10267, '2016-3-10'),
(4, 268, 5061, 10169, '2015-7-14'),
(6, 912, 5005, 10263, '2016-11-21'),
(9, 298, 5022, 10081, '2016-7-14'),
(3, 753, 5022, 10363, '2016-6-9'),
(3, 161, 5089, 10163, '2017-11-2'),
(6, 251, 5027, 10356, '2015-5-16'),
(9, 243, 5088, 10113, '2017-11-24'),
(7, 568, 5023, 10010, '2016-12-3'),
(2, 160, 5078, 10089, '2017-12-27'),
(4, 770, 5098, 10127, '2018-6-6'),
(8, 360, 5085, 10313, '2016-7-27'),
(4, 915, 5091, 10122, '2017-4-16'),
(6, 253, 5046, 10307, '2015-2-18'),
(3, 623, 5008, 10041, '2016-3-26'),
(5, 224, 5017, 10234, '2015-8-20'),
(2, 563, 5018, 10377, '2016-6-25'),
(6, 124, 5077, 10041, '2015-3-17'),
(6, 481, 5052, 10110, '2017-4-6'),
(7, 392, 5026, 10361, '2017-3-20'),
(10, 751, 5041, 10045, '2018-2-17'),
(2, 361, 5002, 10043, '2016-5-24'),
(3, 111, 5072, 10287, '2018-6-26'),
(10, 258, 5006, 10117, '2015-4-13'),
(7, 660, 5084, 10253, '2016-6-2'),
(7, 349, 5004, 10239, '2016-3-26'),
(3, 215, 5088, 10343, '2015-7-27'),
(7, 525, 5066, 10008, '2018-6-2'),
(4, 476, 5014, 10063, '2015-9-10'),
(8, 666, 5026, 10201, '2018-5-17'),
(2, 545, 5003, 10135, '2017-3-14'),
(9, 222, 5087, 10185, '2018-6-27'),
(8, 644, 5070, 10360, '2018-4-28'),
(1, 398, 5083, 10389, '2016-9-16'),
(9, 291, 5077, 10350, '2016-6-25'),
(1, 389, 5088, 10213, '2017-11-18'),
(4, 531, 5032, 10014, '2017-5-21'),
(9, 433, 5044, 10073, '2015-4-2'),
(4, 315, 5095, 10015, '2016-4-28'),
(2, 172, 5020, 10261, '2017-7-10'),
(2, 652, 5071, 10167, '2016-4-7'),
(5, 346, 5048, 10094, '2017-5-22'),
(4, 546, 5079, 10283, '2016-8-14'),
(9, 160, 5025, 10185, '2017-11-7'),
(7, 559, 5078, 10305, '2017-2-13'),
(8, 427, 5022, 10031, '2017-3-20'),
(4, 236, 5075, 10080, '2016-8-11'),
(2, 528, 5043, 10318, '2016-9-10'),
(7, 301, 5061, 10154, '2017-11-2'),
(8, 340, 5000, 10283, '2016-6-23'),
(1, 269, 5063, 10199, '2016-11-20'),
(4, 336, 5012, 10131, '2017-8-29'),
(8, 470, 5017, 10266, '2017-4-27'),
(7, 713, 5055, 10076, '2018-12-23'),
(4, 347, 5068, 10131, '2015-10-18');

